SDNN,RMSSD,MeanRR
97.55598250349499,47.663900990446834,889.7166666666667
43.12674795169338,52.77807711283932,1050.5166666666667
45.30886594622882,55.78834092398561,1008.2
47.80421587638014,58.19051119572966,1008.0833333333334
45.75057983846276,48.94600968829614,950.5333333333333
28.723446674953358,42.14502805587521,906.3833333333333
47.37434842706429,55.098217387879565,899.7333333333333
40.509049057655695,57.86498018839538,922.0166666666667
44.700807847534726,39.63584236521283,908.0666666666667
35.58440279423307,50.17748161294018,909.4833333333333
37.459352043989696,49.80232109491161,920.7166666666667
35.125805645169514,47.76460642692081,914.3333333333334
30.609598167894983,41.79368211113708,911.05
77.7742388083755,133.6758031170303,920.9666666666667
31.145514212411964,44.37226955075372,913.4166666666666
25.600537103740617,41.18560716182457,900.25
33.36070126494479,44.322393620732925,913.2833333333333
56.434945340237164,47.51770410478426,915.1166666666667
68.85721740594002,47.31878904420705,902.9833333333333
30.96913786336326,33.840853857881726,934.25
86.14919068427488,55.14895084823479,931.5166666666667
64.8501777604006,47.76513869524793,923.5666666666667
33.106608101706826,48.94254673957958,907.55
35.07425060575858,46.99332805150038,885.2833333333333
30.113562835816463,36.373998908700834,891.8
34.40116277104598,47.297292716445035,893.6
28.31479295350754,45.436675994440094,906.65
44.07349921816208,50.63562087794437,877.6
76.17301942872483,56.4934374469838,947.2666666666667
53.0576311403197,59.915618630973036,901.4333333333333
42.71735270615704,43.72409644771967,892.8333333333334
52.20822625687343,46.45336644676345,904.0333333333333
35.19805471266211,49.10262514988551,919.7833333333333
35.041162303147935,42.241035554845986,908.9833333333333
47.5701207575605,46.34194936757021,934.5166666666667
60.05188497365331,38.29391242499987,1005.0666666666667
32.00322900375315,42.148848427078214,919.4
64.6785556081423,52.98528737268584,894.1333333333333
56.95940074591141,46.69591496668923,944.4
44.865118844029475,61.51711901741977,1026.4333333333334
44.29202022436497,41.66980779120456,883.3166666666667
42.91142039131308,41.34989189008883,962.9
141.63619672323253,48.69674405292342,903.7666666666667
64.45579018900388,30.300752354031392,686.4666666666667
30.848806928127527,19.87844416378911,633.8666666666667
67.11875669289472,73.26420727610864,723.65
57.746389978556714,49.85912357221926,818.7666666666667
56.26262574352138,47.185892749594885,831.5166666666667
52.36933740272068,53.86282010654946,907.95
54.82451550173518,49.925537774108136,910.15
75.24330904177165,43.43532109521084,797.6666666666666
34.677606446940494,19.466616360897774,743.6166666666667
30.62586053212764,40.67481626222916,757.3
79.94288933704833,50.938813412410845,864.9666666666667
91.47777356033299,138.57776376522133,935.6833333333333
64.329470954869,54.12696937349552,883.45
44.55038034505305,43.2903089323422,805.7166666666667
30.940493962874392,39.820784965319774,764.45
30.98513980747689,34.56484939297902,784.7666666666667
64.22053150408105,72.15261603018979,841.3
48.22867980315816,52.373333879894595,926.8333333333334
41.29910881470554,36.55736147434743,871.4833333333333
47.462087208868326,33.95161063052502,907.0166666666667
42.692843532480815,49.30740653272134,884.7666666666667
47.350967959131175,45.73115986994915,876.95
38.76079061227839,31.236658168877828,892.9666666666667
33.70876493337205,40.57656499900705,917.45
34.28588954981659,55.81370343854118,919.6666666666666
48.89181651587741,49.93673964228837,956.9166666666666
52.89795994806101,39.48460330692313,911.85
55.692257091987216,43.3233799955323,908.85
63.61433058325424,44.29772156209866,894.0166666666667
41.015227524529095,40.67648302381169,897.1333333333333
41.26507805235156,53.63403928002743,911.6
43.33607683622913,54.35944400508869,886.4666666666667
48.45860490035685,45.73393947976692,896.8833333333333
57.681392628433954,48.08713841928975,926.4166666666666
66.68970227020726,86.40797985748104,909.5166666666667
45.44277231370854,46.47470607851916,1003.7666666666667
50.043345100911154,39.80588492391887,977.2166666666667
50.44452123097435,39.94551373804836,974.4833333333333
47.49290882741221,42.165131389392656,963.9166666666666
58.9079413623966,44.68420264592057,948.4333333333333
43.40979152219001,46.73945090805454,917.7
29.54826560053906,38.85479269349197,900.0
32.11774777630309,38.67202378630854,842.3166666666667
55.39885678724186,47.4127208847469,900.0
100.72912521543442,34.72018901768435,890.1
50.74162218753183,42.92563534173403,954.5666666666667
55.134885105127005,42.70672554504338,933.3333333333334
55.66752494348327,32.42305101757291,877.6
49.6677712405137,42.32000768959592,987.25
44.267680083781215,46.49694722984419,1002.85
41.286747941143965,41.82570777056229,994.9333333333333
78.14712620009347,47.87784597904568,933.6
48.2270411698665,46.05836385886859,932.95
33.22341878187065,40.641466675789665,961.7333333333333
35.95881517637767,41.94790958610533,950.3833333333333
48.05867652036299,32.65925777852381,971.8833333333333
56.56388718372645,44.39499131926132,961.6
56.57015310410802,39.95336264246951,930.4666666666667
44.65316960256635,35.873837310633924,979.1666666666666
57.023530718077744,40.895484811481346,973.8166666666667
90.4855175643533,133.58797012722314,978.2666666666667
63.97303902600081,44.16168290824225,864.1833333333333
116.83057058074407,40.02689773605845,778.5333333333333
44.882250265432205,44.014057846733394,701.6833333333333
63.67123892831571,47.44148938697264,830.2
81.0275604689883,67.40429498964326,1018.3666666666667
68.73835052816828,67.89847855313481,1031.65
41.74902194463163,50.47100191098157,1029.95
75.44317213785632,67.23346624301657,973.8333333333334
61.18982077655292,59.17655284637372,974.35
89.05388350131994,37.93973812262757,933.85
37.303842518789764,36.836100568392766,823.7
45.19184722442263,38.95695146949528,855.2166666666667
88.9465569878902,57.56219922536852,840.1
54.58512974143131,43.50316567479674,901.2833333333333
58.02996113120264,43.430443122658886,1004.4166666666666
67.37345957834997,54.348997776610695,1098.3166666666666
53.30099019301195,52.533766380961985,1104.9333333333334
41.538215336402374,56.9241243428776,1118.1
37.63191243257952,54.21457681272677,1124.35
32.20065561789421,52.608241926945894,1113.5333333333333
88.60640025791967,117.78449151173497,1094.15
65.91368724829971,51.49411682703773,1032.55
33.34131154522203,53.038041991622244,1102.0833333333333
54.727047446598306,47.95354390325449,1070.3166666666666
34.061753559609286,52.71557837480142,1088.2833333333333
30.163788997184465,49.64449890155445,1081.25
46.04819636955273,56.40891863610678,1039.7166666666667
44.285425242272304,52.95921039915243,1083.9666666666667
30.2446092533676,43.30909795991709,1047.2833333333333
31.651154095159875,53.40269148298725,1036.0666666666666
40.3168389137839,52.06791523203295,1057.55
39.89531788178769,44.09273740113471,1056.3833333333334
37.74690568627962,53.17989935036784,1072.2666666666667
44.756113797136386,49.08985189753616,1038.4166666666667
50.286136812799164,41.4375167765899,1013.9333333333333
40.5404598998197,33.498292392603226,996.7333333333333
43.97914909994912,42.573764500321246,1018.3666666666667
79.45319202034757,115.91551569855096,1055.0833333333333
45.19727130406584,49.93860637602596,1088.8
50.80573021050108,41.39516061128279,1064.3333333333333
86.58872135946267,93.75744038271652,1077.6
32.443193944698685,38.54053556135322,1060.15
42.971877108432466,40.226688164425944,1044.5333333333333
28.018342206490377,38.71582692178082,1053.65
38.09132301310745,37.435368031595694,1044.1333333333334
53.71036264591364,45.8708577772461,1037.8833333333334
48.625222078898744,31.879008554857506,1063.5666666666666
45.98314606703441,34.9590559543638,1052.9833333333333
31.797322563735175,37.67141612974403,1077.6166666666666
137.2408375812389,44.50595084948696,955.45
52.06770165424585,57.733167625445574,1051.4333333333334
93.35821692099023,49.70761971395451,1015.1
48.75016809087831,52.1360670891603,1021.2333333333333
51.42193652086195,46.15981817077838,1050.1333333333334
85.05877706360205,46.47014715138297,1025.2666666666667
72.47847189951571,46.35931881162585,999.7333333333333
42.24792894332218,48.552784486123265,1015.25
50.37839869979548,53.22290828301001,1003.5166666666667
31.25132886063496,51.96315513443563,1051.5666666666666
39.652364368345054,37.918288597581665,1045.7
49.58577304922138,46.29364637739453,1069.5333333333333
76.52860576281263,45.70873150277986,997.65
36.18418930355571,42.55425251111411,1058.7333333333333
100.22555673191455,42.5717738907294,992.0666666666667
37.388779511149245,43.36893365970232,1044.25
35.715678941078835,42.6537100736952,1042.5833333333333
50.01865207655595,37.944875270872004,1009.6333333333333
48.673675294420356,37.986616733363576,1036.2
58.34551301418893,44.86665743235774,1021.3666666666667
53.097172450350136,39.36465764091491,877.5833333333334
48.21828548958948,31.222004409102787,849.8833333333333
66.75504766599218,40.95512219366834,888.2833333333333
69.18366056294572,45.848867424046546,896.2333333333333
50.38389017224543,46.40791866970805,884.1166666666667
34.39548985291854,31.988345335264462,896.4833333333333
61.469287724304515,44.460227894229014,1022.4
38.114068560339,41.97618372363071,1083.8666666666666
48.729009726126066,67.83516911965006,1126.3166666666666
38.2781450554868,47.72431423804354,1079.8166666666666
35.195687077948755,46.78149713910694,1053.3833333333334
80.11479784242943,53.44345974794772,1032.05
50.98152170694354,42.43878942026536,1021.4666666666667
76.85594569640587,100.98162276173433,966.2833333333333
46.1605411098652,49.28626170871898,953.2666666666667
32.97168819187489,45.18568094775008,912.6333333333333
46.67843601588306,47.85146509632079,933.5833333333334
36.87312707107983,39.32933523681136,903.65
59.01976128571025,58.69311165658372,982.0333333333333
45.60354213825452,47.37874800701116,995.1833333333333
38.729603951269915,43.919031819157894,1021.8666666666667
34.06977725524812,48.98754597871738,1001.3166666666667
50.806263284056705,41.864794481152686,977.0833333333334
59.2505602411394,47.36658337202487,858.0666666666667
54.22769638805944,46.36388863643262,1008.5833333333334
43.51176086224658,67.84079068934804,1064.6
41.64896624033889,47.89306591472156,1084.1166666666666
40.22145640768812,52.095251743678986,1054.0333333333333
40.527805955362986,42.110226625377805,1025.3833333333334
41.84872226909151,56.41102188252317,1006.1333333333333
43.19108382782518,53.65489220590345,1024.6166666666666
43.999128779253496,53.76423737335984,1068.1
41.65299775793121,51.54510941966023,1020.8333333333334
33.814132482669955,55.62114583867164,1032.9333333333334
61.42417186164489,44.977583870717844,994.9333333333333
38.640576686517846,53.06216373593319,1039.85
34.875397249828325,55.577095635900534,1049.2
29.498074325096017,45.65047756261609,1031.3833333333334
44.80742745969195,52.965610845183214,1023.8333333333334
33.67842616407259,57.242422339155404,1021.2166666666667
38.68693434337863,61.518634354814445,1021.2333333333333
40.72952450823195,56.69902698474595,1038.15
46.687123492457744,63.458380862537894,1034.75
75.0636100621037,44.069667496140006,962.2333333333333
90.97096453753191,70.81941704439875,992.3166666666667
39.418477759661,58.021912868168656,1053.5166666666667
44.20124118418195,54.894505915082405,1089.3166666666666
58.637045078649344,52.39436507417018,1053.7833333333333
46.316831593804956,46.776786941924186,1030.4666666666667
52.673195797820696,53.80914168441603,1043.3666666666666
44.81982138394673,48.27358473379461,1000.5166666666667
41.13217178262723,54.73371594380332,1088.6666666666667
40.71542159373467,55.62023165621953,1067.5666666666666
97.61721586550874,123.17205824456856,1074.75
36.232658687371476,49.83022022284898,1051.1666666666667
37.0380285052479,44.77741561493408,1025.1333333333334
30.889156673499517,40.00105930800723,1058.6
29.818264350711107,37.583128201677525,1036.7333333333333
36.25871159689305,47.90527376226221,1036.85
56.61198096594826,40.35688251217746,973.8166666666667
89.42387203028557,45.56407297161561,975.2666666666667
41.46913175952553,37.775429194748504,966.6666666666666
30.986820675176656,40.48623955395634,1008.3166666666667
24.952816585619257,38.259816509257256,991.4166666666666
30.233806501258744,42.53034808786046,995.1833333333333
32.6281405470118,43.3884699204051,991.2666666666667
62.82921074008668,39.66939647825705,966.4166666666666
27.16911543155819,38.36068785724985,1006.65
128.32542291637563,105.32805893967665,986.05
29.012851558499992,35.873837310633924,995.5666666666667
22.71076592475227,29.553169550971592,995.4333333333333
55.49683674669115,39.600119842311386,946.6333333333333
31.458685428493176,38.30984296230683,991.5333333333333
70.53434742497208,32.90329950998939,925.65
72.7735815160053,47.61284543951829,941.15
33.18749346097445,40.33314656537978,966.4166666666666
33.748925908834494,44.02849616528222,978.9
22.674379815112914,29.302629025338497,926.15
55.431549379993584,35.84547816789094,906.9
49.88659361213413,42.36584009292936,823.1666666666666
50.196214996750506,38.34787245772441,861.2
48.86780353384243,45.2100558785584,891.9333333333333
36.16161255008164,39.04256694811837,824.7333333333333
68.57233812227462,54.546046478554956,987.6333333333333
34.65408425504208,48.21245355679486,1073.8333333333333
59.863279414197,49.29726502538504,976.5666666666667
45.88931127058772,48.28499433536367,1000.2666666666667
34.2091443265621,40.45734309330621,978.3666666666667
37.76907538655872,56.0954090390135,997.7833333333333
33.89968862524977,45.75598506743709,1003.6666666666666
59.45543615926881,41.69420558855891,1002.4666666666667
47.443194102702094,51.288648098081254,987.9
37.685669985051646,50.57684202431526,960.4166666666666
29.91179626093284,35.99105350227178,1005.4666666666667
32.590638567266865,48.81025177118124,994.0166666666667
38.28188939375323,49.73182318483946,982.2833333333333
46.957176117063185,54.19831756723306,995.5833333333334
32.200603859072096,51.670566647048865,1040.2333333333333
40.38803453169433,53.74342687439451,991.8
41.363577644535965,57.19117509261876,1026.4333333333334
42.4758231886747,52.984327711605886,999.7333333333333
38.00398736390111,41.683838269542264,999.6166666666667
38.312526962107604,47.8114233566606,1001.6833333333333
42.81139516011544,50.14859276123512,1005.8666666666667
40.36809452470546,43.63601373768294,995.1833333333333
62.281805796984834,58.99640896856724,996.1
58.05883988583382,50.63160398440778,973.9333333333333
34.069471508799325,50.09550201399222,1002.7333333333333
42.145976478583734,34.58372302550847,940.5
36.727056329995555,33.543040905981364,926.3
41.31270990869517,47.58934505445378,947.4
31.589221087087427,44.132312617277975,1007.4333333333333
46.42526850278365,55.8062629375131,998.1666666666666
79.12228756102094,38.827737770039896,958.6166666666667
34.88097220867306,48.23723155897917,1024.8666666666666
32.80320106331088,44.630877811637184,1040.5
28.03277347835724,42.211131956119694,1021.8833333333333
40.98368238972948,46.656152972244634,1011.7333333333333
35.24271398301909,42.404628784755104,1008.4666666666667
28.33223527283994,45.463153268165925,1014.4666666666667
32.013989997430116,54.17986366832833,1010.9333333333333
51.97738824612957,49.41419544892345,988.5333333333333
84.25439487383169,136.54955020437436,987.3833333333333
94.081961903202,134.62540622037136,1000.1333333333333
33.22714335532857,46.87975964536059,1002.0833333333334
33.822559861068406,48.08361361529606,1023.0333333333333
24.757821435300443,39.48524719135885,1044.0166666666667
29.143033282225254,46.45117721228149,1042.9833333333333
29.415509892269792,47.01406208676618,1023.1666666666666
26.86850179836771,41.524344503443736,1028.0166666666667
35.93900697323483,49.71426831983219,1037.2333333333333
43.767555208040676,50.22694259769217,1018.3666666666667
27.923402172530636,45.50172282080116,1006.5166666666667
95.68170613491843,54.84925412406354,1019.6666666666666
24.660106109531103,39.448743830830765,1009.75
34.49442789140814,42.365640059216844,1015.6333333333333
48.883319127171475,43.24663208205557,979.4333333333333
73.85829337318864,55.884111322495635,1001.95
30.488996193526756,46.045666352334486,1029.5666666666666
35.2055235565229,51.813714564284545,1022.2666666666667
81.35254383784745,46.68720290673063,915.2166666666667
33.54123084602989,43.9198036487229,979.95
42.47386124299142,38.68100747114856,972.9333333333333
37.50977280063898,37.8451349223138,985.0166666666667
65.91025885415884,47.18750911999014,972.2666666666667
99.80485960112364,32.63901169989316,873.7
60.399914918998206,57.06879583123442,960.0166666666667
30.159778219049,39.00152104813089,982.4333333333333
37.24482066900936,48.259011628812196,979.3
36.44713065981097,46.798703444302774,986.2
60.20910553138029,41.26865269081672,921.2166666666667
41.10397047596362,44.652898628557175,846.8833333333333
74.95931489073848,57.92426381908579,954.0333333333333
35.278794386051985,43.59559921811422,1011.2
51.706479284515204,51.72482602308725,983.2
46.906775156213364,46.29968700703226,971.2333333333333
45.13116686085373,58.360510214890795,1057.6666666666667
44.795867244894616,51.27476664905706,1011.2166666666667
35.63325537877348,48.09330620465717,1038.9333333333334
67.4812813551531,49.28351049569887,981.9
56.17854473808385,43.93504450428178,1013.2666666666667
35.70718492902452,49.65712948283032,1008.2166666666667
37.295293119760956,45.998894607204925,1014.8333333333334
33.45967722498231,56.61571321683449,1037.5
33.922067547050645,46.994410053443445,1005.6
36.038575011907575,55.01633039534254,998.5666666666667
34.163333170715845,56.35646233980294,1016.0
69.4877187390373,59.63192183465929,942.5833333333334
56.55752970795901,59.81950251678739,981.25
50.31781217642737,46.21761348890885,977.4666666666667
41.74050457555853,36.86852499888246,932.2833333333333
82.98060516369674,41.50290984284992,917.05
39.8400412761946,40.783221874205545,836.0666666666667
56.509318307298265,56.60223987901922,899.2166666666667
59.13715461159384,41.84171140810713,942.7166666666667
50.61333541886191,38.00891955977826,958.5833333333334
69.83921812913493,100.64958511117096,966.8166666666667
68.26997876079939,55.456197403973476,925.9
85.19581855936359,44.48290473383367,950.65
66.86428211102114,48.33849573054095,980.9666666666667
57.65079502198271,54.939874685955324,1042.45
61.91657469710532,47.364078500519675,985.9333333333333
57.829769342633746,52.39614424939482,949.8666666666667
101.46254234938132,55.54033501482794,1001.45
66.31301824595899,51.787702224513836,1004.6833333333333
48.28188065931152,45.80985017309438,1069.4
52.80682563204623,42.43539456473106,1046.35
58.842867499430675,44.86967946835837,1023.8166666666667
59.830417756262484,48.189421442709296,982.4333333333333
37.57763814942191,41.58389518771721,1028.7666666666667
99.04357065902303,46.08209329049515,957.9333333333333
73.39697806373835,49.84331381643269,1010.8166666666667
65.24922094043218,44.62347182019946,996.85
102.7969560184866,47.81035984464639,920.45
62.12965609647833,57.20584301079979,999.35
32.72978595849489,39.91410268589711,1045.8333333333333
71.91594437644238,43.83385426426722,940.3833333333333
79.69240170109626,55.8869925134945,978.7666666666667
50.77600866113401,50.496685576751354,1050.7833333333333
28.953794608344904,34.95251015451816,1024.3333333333333
61.25189112726779,45.28328909417293,991.15
48.38703912780317,47.30087611615595,1017.8333333333334
49.64351809540586,49.79755626704479,923.4333333333333
55.96939639958013,81.86388040677181,933.6
40.49068479978519,57.386439076061414,953.9333333333333
64.52472394361715,60.884720189406906,938.4
92.24739683168421,46.59890156558032,922.5333333333333
55.286164634562965,40.84260819374537,976.8
57.23125360228351,53.85149070218444,995.3166666666667
41.56499595680107,47.06648741183195,985.5333333333333
75.02739314558531,66.58014159069721,997.9166666666666
55.67371212899515,33.9967595664197,983.7333333333333
50.33636580269003,32.162985357684754,929.8166666666667
49.532242585568,39.092242067071425,894.9166666666666
49.22735237875609,27.894778078841146,860.0333333333333
45.54556936617314,46.874878530916064,935.0333333333333
76.09180128123018,41.86337746624555,966.9333333333333
61.02168102859471,59.51570081976517,881.7666666666667
45.509080290518824,41.95073785739246,986.5833333333334
65.87408865066412,55.67429495417134,948.0666666666667
57.407839185950905,42.947149231568844,927.2
64.94147792863629,46.68865502961695,972.2666666666667
46.4851230682104,43.471011186298874,900.0
91.80562800467808,48.41679915770936,880.6
58.676635043260625,43.283065150397555,951.55
50.16057271957285,35.675562542332315,917.9833333333333
82.82855620027566,43.40467833880255,843.6166666666667
41.17376457028054,43.70897592338657,881.7666666666667
58.15233586595354,85.78224303630084,869.15
53.16761754635574,52.404715792456464,905.0666666666667
43.29830635640767,33.56299414937807,904.3
40.01609051369211,41.07970755593759,912.75
57.87354749797181,47.22861815553527,935.55
45.99479137177745,46.998196864077414,909.25
39.445359535551056,47.11345843919437,924.8833333333333
42.03457571518423,39.92068407416326,970.1666666666666
42.666145830154385,38.024969494856215,978.0
68.11530053274863,42.07861891140826,964.85
51.57136371626754,46.78240289188856,973.8333333333334
104.62012101991768,118.05930712993364,912.8833333333333
82.53021500571103,48.502489888909096,971.2166666666667
52.90066949796886,39.42940484082526,961.45
45.947324913063945,40.43618114712011,921.1
57.255674148700955,43.016945813465696,951.5666666666667
56.22665194450839,42.1422128239004,988.2833333333333
50.55106054497988,40.21299225079765,938.9166666666666
51.060582209328125,41.874914621719185,957.6833333333333
54.808352972476335,46.11610255923887,942.3333333333334
101.91837011386448,47.82258880487337,977.75
97.30955188926157,61.61278757871891,963.5333333333333
32.412446169128714,44.58680355046163,1000.0
34.14932486724867,44.773440977315474,974.0833333333334
58.42433615844989,44.285476059657626,958.6166666666667
44.169245207748595,47.44184664997055,985.6666666666666
68.36857627757232,38.13868537369764,957.9333333333333
34.41322016641602,44.91819306023574,1027.6166666666666
112.53473044156438,48.72684152236591,956.3666666666667
101.61821113035465,47.62476922849912,939.85
69.6930093736492,48.09964938735459,919.5333333333333
69.49931054813901,44.677564232651626,953.25
47.55308145173723,45.688147036852094,892.0666666666667
41.37747642807081,42.01997103880124,911.0666666666667
41.20403162582785,37.73165734634108,951.1666666666666
22.847532081654293,31.54711300552003,999.0833333333334
46.35708024551254,47.73834048793876,937.7666666666667
43.97805955498971,44.5128052419579,892.7166666666667
36.47103493032366,34.504237027955796,884.3833333333333
75.49439088803588,97.76892508289332,922.3833333333333
31.111609122998157,40.32032754776829,912.6333333333333
40.79301070308763,46.58453224051731,896.2166666666667
40.55776401901641,37.49056378452258,885.0333333333333
48.875564787870566,35.61327118850166,934.25
66.20400080223416,47.91871648772021,956.1166666666667
66.29783597943116,43.343914396997384,997.7833333333333
63.88422470897386,39.71807427014575,875.65
86.53675359188269,42.5488751867898,860.4166666666666
45.76574106857176,39.31791328497414,877.2166666666667
56.90224561083293,33.86763867104617,878.3666666666667
79.66962860602668,28.45126669009987,876.8166666666667
56.53877725361005,54.5071912531281,1000.0
98.87842563246825,142.84221471639518,1005.0833333333334
45.4798490176327,47.85766325473267,1015.5
48.22613399392491,41.48820538949206,1011.2
50.81223332580015,52.044146840341064,938.0166666666667
57.38606102530475,39.863963591448595,974.2
80.75136049765491,31.729524293068227,919.1333333333333
77.84816239892172,40.92842036067773,924.8833333333333
81.48063675908938,118.80521018079003,952.85
54.33501786754713,43.43824761580747,966.15
40.016423711604546,43.20761860001944,960.55
59.43087487904658,37.29065862034329,994.2666666666667
99.07418516781587,124.2250554710267,944.65
47.920938939975805,46.25940124331302,989.9833333333333
44.96214148221441,35.11892627986863,947.15
73.48017684307032,46.401526859740876,978.3833333333333
73.15055061689937,70.65444676350971,996.6166666666667
73.38516350204735,39.29549074919842,907.5333333333333
44.85357349816796,52.32687354424353,1024.0833333333333
32.331975916523675,38.83450326794198,1024.1
41.57582096470121,40.12755087197636,983.4666666666667
75.03653924737081,39.15116293703207,957.5333333333333
90.52709078870626,37.62572145825562,977.75
37.85639532056198,50.90719372427983,1035.4
33.49999585406276,41.89211324989912,1022.0166666666667
45.303531871146646,43.317902511156994,995.7
74.52250033080988,35.93756355926583,928.3833333333333
43.87247618572112,56.89255409862003,1028.65
90.03909644642647,151.65203257144577,1013.1666666666666
42.37193450072032,45.77690928545541,992.05
64.94795138331068,40.56236044346733,939.7166666666667
71.9134819688832,41.6574000995123,930.4666666666667
49.443062090538945,44.924607276892814,855.9833333333333
59.15057058051089,44.590224664081035,937.1
107.15539598587131,151.96648827725812,976.4333333333333
50.13542493420528,43.36834743591268,949.35
91.21364420353399,38.05192705425539,908.0666666666667
51.080206538345166,46.56324294140539,981.25
68.38515108478514,39.6721735720669,905.7333333333333
36.879398042809754,31.37687802468995,943.1
47.54278482471224,38.15645756929341,961.3166666666667
61.784866449821045,42.85272374311101,916.2833333333333
46.5199479315654,46.193036381791266,1017.8333333333334
57.2902818014442,42.43819034784589,972.9166666666666
77.30153081709746,32.048162907766056,839.2
67.62176465869221,39.41715190633108,893.8833333333333
99.33218539605154,142.2705705837904,892.1833333333333
73.8237747763024,60.678787514561364,964.9833333333333
70.65396112195143,45.23497971515527,963.5333333333333
75.59717072895137,44.86117947322399,965.3666666666667
101.66777458412714,90.3587951690746,865.1166666666667
87.92253534914823,47.87642992509865,889.8333333333334
63.46517855398257,41.164613732292125,863.9333333333333
32.43271239556342,43.53451776795208,873.05
48.27145464281487,69.35526326366934,825.0
67.87377786908743,35.60256132473275,904.6833333333333
51.16916117697803,42.645563283847125,916.0166666666667
48.88458914172805,53.944101639520476,914.2166666666667
63.45525764049991,47.348151575611894,950.3833333333333
47.08945093000012,56.39269095565789,957.8166666666667
35.61489622802983,53.431882820044024,968.75
83.55642803918,141.24332892601228,986.7
35.51500465374537,56.83771128158499,994.5333333333333
65.6391207030279,42.701168959508294,952.35
37.833447136392714,50.79286617466362,996.8833333333333
41.22749891354879,47.39108834197932,991.4
42.63147963131887,48.68403838241379,995.5833333333334
40.74588936322289,46.01123665263828,982.15
36.677918728060654,53.53915088947621,1009.1166666666667
36.211458438210165,45.83759096814221,981.1166666666667
68.38822795059265,46.677399895634174,970.3166666666667
40.27687508567003,51.329279317502966,1005.2
36.95830608792683,50.622229993270004,989.3166666666667
35.3821164808815,51.16192307645751,1008.85
34.337940629377684,55.558947165776026,1002.35
49.02872174099132,50.222218055763705,1016.5333333333333
39.848337481004144,52.084839526243876,1024.1
49.32978309297538,53.83464954400115,1014.85
94.84925320387785,146.24874329461514,995.45
38.23222535447754,40.902737051511416,999.6166666666667
36.893672296961114,52.31537350611908,974.0833333333334
58.610351759167365,44.11598734000012,930.6
58.58802494253127,48.915700574681175,812.1
89.9391213852768,35.132437085878635,893.2333333333333
28.920864248650815,38.42337741796509,996.4833333333333
43.71555469420721,50.08484327043191,982.8166666666667
71.2504892770725,35.156791662493895,978.3666666666667
60.18559259121369,85.91974970768077,857.1666666666666
128.61551120382885,159.7113922472637,910.6833333333333
39.71502304614156,50.63746184765663,1052.9833333333333
33.0133138125952,42.50762643437935,1068.2333333333333
46.176821987755815,56.45577240006673,1012.6333333333333
47.45166839357003,54.769934843049285,1038.15
54.423164492092276,42.816320347918655,1032.55
82.65635016272024,58.23345767872915,973.8333333333334
43.837528316373955,54.62786276096209,986.0666666666667
93.5886077468834,159.4186472303217,1003.65
42.958542676502525,54.182679076107036,1009.1166666666667
41.29825124088858,44.905173157122846,987.7666666666667
92.42537380082497,142.98998424092625,976.6833333333333
34.848098943844846,50.17021873041443,1009.9
92.87741472859086,155.7438139805891,1017.05
33.82311422024228,47.30589241973053,1027.2166666666667
37.563113555721124,51.683521945374096,1015.75
37.28592227637664,50.001864372020826,1024.6
44.13962694299383,55.73925373360915,1003.4
30.92325176950186,48.804000947407744,1035.55
68.61009805819809,62.572805053021156,1017.4333333333333
73.80772881841936,84.10526092495188,1001.05
36.99463549699544,47.67634527000874,1024.2166666666667
32.12335598906191,42.400231850981065,1004.3
42.398296611486124,49.65132664177399,980.8666666666667
122.07460719667387,140.95780111407547,897.9166666666666
67.94372467139421,91.75150670725166,786.9833333333333
63.35016223779979,49.32029526902418,791.9166666666666
91.40385963161269,92.074859006229,824.3666666666667
55.08670942755208,48.77429859454496,882.4333333333333
49.20563145277851,43.904943546218234,925.15
62.045726865129254,83.10020498047288,867.8333333333334
89.82577426452957,89.40945614115783,969.7833333333333
99.35146786367409,56.92323108615793,982.95
100.24641168418725,49.760102457794126,952.0833333333334
48.513629241917386,42.57456071809764,798.8333333333334
98.36307318636737,46.27790042554448,902.35
49.853816860452675,61.70473706508429,1096.6166666666666
31.75032370788612,45.886743405247046,1131.5166666666667
39.67874816013675,48.24039379213585,1127.2166666666667
56.407111450793344,70.31057012417436,1091.2666666666667
57.49980434749322,57.28859442199169,1125.65
50.01236236060929,54.40993179527155,1124.8833333333334
34.99236424644033,49.71171126895689,1148.9666666666667
46.96877213165739,54.059759776738225,1131.6333333333334
64.22820425811564,68.59016087961541,1130.7333333333333
131.0923116230188,58.68257039186857,958.85
60.88439637725106,37.8478219600368,763.4166666666666
48.850210394179015,41.03347124862658,950.9166666666666
30.039307581900086,39.654653263188784,889.2
40.62970998337711,36.456382110820726,872.4
135.39827670001318,160.34063316598133,1006.8
34.75649819338345,48.04023737222435,1164.45
34.43796354799937,44.041582816119956,1186.6
38.76746559795841,52.67054623485469,1183.9833333333333
40.14366907330054,53.315339478698,1167.95
31.962147751502695,49.16575216998798,1171.7666666666667
30.45962719550075,43.58471198303446,1166.6666666666667
38.01346252754849,37.08739106854493,1150.9
46.61538551451298,41.37673136323222,1175.65
61.44512230889898,43.93157236939577,1177.6166666666666
40.534539455739335,44.00924402125119,1174.4666666666667
61.89012441415835,48.221768767340414,1174.75
109.64971880188901,46.844495724268576,1141.15
39.670906636139954,39.55429651607213,1173.95
31.338669758338852,40.66460585683237,1176.4333333333334
96.4440597790588,155.65079341759048,1169.9
36.19258288041288,50.725916887403784,1156.7833333333333
38.705852988347324,55.55955729466948,1133.0833333333333
28.417013683120658,40.39487297556293,1155.2
31.08988313476481,40.1509862259354,1166.55
27.072618393252373,39.514640067461286,1160.8
32.75839163057646,48.89819933601937,1148.4333333333334
33.749008215880295,51.64316943364865,1135.9333333333334
41.13761120380662,56.43535374694105,1112.2166666666667
42.49045644481698,64.73989679701486,1123.8333333333333
34.38172560468068,45.53393221599522,1142.7166666666667
32.34853165137484,50.53929499887242,1141.15
34.94789772726759,58.00584424091847,1133.3333333333333
34.36202684488924,52.59358084179772,1127.8666666666666
68.11237446716679,53.853379101760794,1083.0666666666666
143.33488758847233,96.93602643155425,1034.9
46.698854970497464,50.01491303025258,1179.1833333333334
41.72683655501444,46.70045185423617,1163.9333333333334
54.407870652037914,41.86357989988312,1176.6833333333334
48.7086890491716,58.54347942385085,1178.3833333333334
200.74299420458544,58.435680996796144,863.0166666666667
64.7413572095406,33.67944602789308,1026.7
22.403192976795864,28.63268252320373,1109.8833333333334
23.13570472955888,30.216450789347924,1119.65
24.208693342130907,24.11483824803338,1117.85
70.56825694948749,73.51789820126935,1120.5666666666666
61.60081844694381,48.015004716922626,1114.85
125.14978914174095,178.9371634808607,1093.8833333333334
87.3074007299623,78.72242589620222,1077.4666666666667
83.00880810023851,55.32952134442688,1063.9333333333334
97.10518209080756,67.74453508511446,1057.6833333333334
105.82687119378834,61.01528010899943,1085.8
93.80786510498763,56.59190814769025,1010.5333333333333
116.74271806936065,85.6087869717803,1047.2666666666667
128.04519601383808,92.82688462118384,1032.1666666666667
105.4231895215132,69.2924287203595,1055.4666666666667
106.44254971057809,81.04309378872118,991.0166666666667
158.3336666663158,86.3142661578773,1009.5
116.1465202520793,87.32774812864659,1079.95
113.56824184408049,90.25678996947111,1059.7666666666667
121.86745418235702,110.69028404991491,1067.5833333333333
122.92083721738241,81.91479657732836,1010.0333333333333
132.80309045098812,162.08895862604146,990.35
113.5846918480753,71.85637746958058,986.4666666666667
31.640533075998157,40.62394718322879,834.9
42.385646810631016,53.97284313995483,864.5833333333334
32.695922273784134,44.805795629961736,862.1
40.24735671099684,50.96476017466399,882.6833333333333
30.669311480153358,43.23350082077947,855.6
25.494198686498596,40.23069070468802,856.25
31.107858957004563,44.55657230525279,854.0333333333333
29.311255896365516,43.60978742578361,851.6833333333333
96.3776080494496,74.44700082745705,929.3
44.751272483460056,62.073766942025365,900.9166666666666
27.603436782803374,42.70057356817175,864.3166666666667
31.729516577190743,49.90346613416136,869.9333333333333
92.2331947957037,66.91064114402944,893.7333333333333
43.544102802663055,57.74916537660882,902.3333333333334
79.81304543883927,65.95016094607776,900.6666666666666
88.16429738467455,77.73270149271754,926.3
101.81656163032723,82.69517232235343,944.7666666666667
108.00064814620328,79.49064543620467,944.4
70.31654420468122,59.91646727609579,892.3166666666667
49.112283482738704,63.211375290383415,897.0166666666667
102.18169546885044,66.14685767034604,976.0333333333333
96.13583561237135,64.36100514326084,910.0333333333333
35.045383274960614,48.79497056605704,873.5666666666667
38.703843478393715,51.73498308278713,878.75
95.29083405845263,77.2907782777458,942.5833333333334
69.5034051923597,57.80079760167528,906.9
87.91948810638566,56.2745991409497,934.1166666666667
60.791563285267365,60.0942762157787,901.55
98.25889131382576,57.24760375415918,933.0833333333334
45.76978624959192,60.2823863304607,899.6
49.235316480031784,60.987217332537,879.8166666666667
41.68247700040016,56.14841108879761,880.0666666666667
80.72909946233762,59.88152144167257,943.25
91.55014412270955,61.19668208575596,930.7333333333333
85.18854089606184,69.82411316773752,887.25
124.70521240108611,37.090589971133916,974.1
58.046042548614416,57.943719040731125,989.5833333333334
58.38891637593179,56.02042605686983,1019.6333333333333
74.27407952232656,60.048991298207525,1007.8333333333334
28.21234461878149,28.289963483509574,1040.2166666666667
51.59673762296734,40.61539325787115,1003.9
75.12902050620801,69.91471802567875,1017.7166666666667
45.56734637386245,44.285476059657626,1017.1833333333333
26.08734793385909,34.4181662714841,1007.6833333333333
23.353419925617363,35.95548094754806,1011.8666666666667
24.402982513528045,33.34742639931344,1020.8333333333334
23.553037077106545,35.446306972181205,1015.7666666666667
21.74703044862294,28.213171584340845,1016.0
42.77291458647893,40.274481974385274,1000.6666666666666
20.186931966552574,29.271377817281405,1017.4333333333333
24.332876708044385,31.79542659789884,1019.6666666666666
22.943136228510696,32.12502060937148,1021.75
22.068699553893065,31.620364603007324,1042.85
29.320906458627015,34.453358302277074,1043.8666666666666
31.042171136840427,39.87246618058675,1049.4833333333333
25.945113005899376,34.331879734463925,1052.4666666666667
22.612214005316293,33.94536986973659,1056.7666666666667
31.88055398236082,32.44682742841727,1058.7166666666667
22.533549062083704,33.59882968099043,1050.65
20.423699468999242,32.60498038279906,1047.15
22.854096399162714,34.77628258610277,1047.9166666666667
21.862772773217337,33.94886483711662,1038.55
44.889568201680596,37.76510810034189,1041.4
25.589380392828758,28.374612668154548,1047.0166666666667
26.990615653099383,34.20129841920219,1036.2
23.985707549844484,34.49957012751102,1035.55
24.742204159424976,36.33343699772699,1032.3
34.37846548188108,37.36331020068407,1037.2333333333333
23.733356741561487,32.351616940178864,1032.8333333333333
26.677763316206917,34.07071410055906,1030.7166666666667
21.03364368497923,32.82284239749579,1032.55
21.071696393240124,30.698644589965483,1021.4833333333333
25.196538562976375,34.94475058174459,1032.0333333333333
32.10466823099442,34.19708581101761,1042.5833333333333
21.180861382127237,35.55015554567988,1035.9333333333334
25.46847179466321,38.3620133438876,1036.0833333333333
24.92219002326151,30.219255282526547,1038.5333333333333
27.68174288026115,33.869390210340946,1034.2333333333333
165.89399141888438,60.43500500958426,910.6833333333333
60.56826038996552,52.250861642396686,1173.05
117.98200780910057,60.16446386251943,1102.75
35.846137247345844,40.860033931475826,1170.5666666666666
29.50037664542984,36.42405612238675,1164.8333333333333
37.529543917647956,41.74458251667544,1150.0
39.35084356006728,57.15396986374998,1111.3333333333333
46.502496946101964,74.6755694853819,1096.8666666666666
107.62707605430893,79.18493693429411,1093.75
51.53036860812165,69.79400683318381,1109.7666666666667
57.19381279668477,52.99536276483322,1092.9666666666667
59.5601003655598,76.56912242199577,1095.8333333333333
68.88044392681827,90.5251159080699,1075.1333333333334
59.145890718535036,71.41938681870155,1115.8833333333334
173.21946500193204,52.121598372931274,954.6833333333333
89.99256759434205,56.625142645833726,1098.0666666666666
95.95163133347738,121.12026520804764,1088.1333333333334
44.99339457693269,55.08806508903936,1148.1666666666667
76.50280314399524,57.55792955134234,1126.4333333333334
42.81567729491409,59.23480996731911,1160.5333333333333
67.3563574496787,44.98135206836612,1101.5666666666666
143.32602597652047,55.110520697280876,944.0166666666667
81.33909815635337,33.57485944037112,1094.1333333333334
38.123614728931464,38.071297965968526,1129.3
30.610687131566753,35.67722532344214,1139.05
32.86227151139873,35.5997048169061,1155.0666666666666
31.296054951951305,45.420073214906395,1142.5833333333333
88.84311390810709,145.1277053062496,1132.0333333333333
33.169999832512644,51.05132014096788,1127.4666666666667
34.41137973920191,49.52160973260536,1118.0833333333333
36.82886850767419,53.84047371791496,1096.3666666666666
27.963125520744082,46.87252818341555,1122.7833333333333
28.48315291536385,46.55195748583202,1128.9
29.42978461053057,45.63116686904367,1118.2333333333333
34.88604862819647,55.974116294187745,1111.7166666666667
42.018973888788224,40.245644042638695,1125.65
29.30919461344663,39.0683885392122,1147.2666666666667
31.70777594779482,43.75742067817503,1131.5166666666667
55.405585358237026,48.276393501291345,1114.5666666666666
26.157004585557747,37.289976842059794,1138.6666666666667
33.1215773913153,53.778579315749305,1123.8333333333333
35.71950525351038,58.65917068186991,1097.5166666666667
31.573243770987837,46.718413602042666,1101.2833333333333
29.76020366567108,43.7765899826434,1122.7833333333333
106.14306252517035,62.269234997056486,1102.9833333333333
50.97880823331288,54.757555008496084,1132.1666666666667
95.51079636471586,148.82380664305296,1143.2333333333333
117.97951328750071,62.678220475966754,1095.9666666666667
209.08380231115197,50.445473163722674,1045.7166666666667
38.4094172480309,43.199183921984265,1137.5
31.954703183656008,32.16772780076962,1140.6166666666666
97.00281210127652,47.249428298935754,929.4333333333333
102.89805499727497,60.910186729787874,1010.4166666666666
105.44816920596055,45.574487361955974,967.3166666666667
98.9470397064342,65.27049324262529,996.5
76.7800248907372,56.77012821570089,970.1666666666666
25.933697512438652,39.92981130068704,1068.1
72.72395295453441,53.69389069815191,953.4
62.54930499658294,42.3926360730297,1002.4666666666667
67.54186150496265,52.23220644229486,1040.8833333333334
26.9278614491055,39.236138651391094,1054.4166666666667
36.047233674105364,55.88532447365251,1056.3833333333334
85.2767651043745,74.67080295242124,983.2
57.28353214978591,50.97456993110405,1083.2166666666667
88.29637434358344,69.63111032737973,1071.4833333333333
77.29598774983229,92.09584175084458,1078.3833333333334
42.57573643911909,47.623167699082295,1080.2
78.2965232660784,53.38983588915765,979.4333333333333
26.170254531093548,31.230417593283114,1075.1333333333334
19.834670823249542,26.195484149572586,1067.45
81.447808783021,72.07117480163713,1067.5666666666666
30.206562017033466,32.91849204693416,1091.2833333333333
69.67802738309976,44.6261305226403,1047.65
39.741033230431015,47.368193576617045,1080.9833333333333
26.290809547571307,39.12994431855074,1069.4
31.59731001208805,34.33508854051123,1078.9
35.194538717754995,42.90411066394928,1086.3333333333333
36.4044258603569,39.01846585869441,1072.1333333333334
28.93181159592711,36.59883299056387,1063.6833333333334
64.28506609020653,56.06533718705619,1046.6166666666666
54.54664415790297,50.45891095649265,1049.2166666666667
23.76075195218647,33.547588258563415,1063.4
36.02475614845374,37.785298907899644,1059.5166666666667
120.84707852856388,49.73045992214225,999.4833333333333
32.34834702972557,37.26883552909744,1094.5333333333333
23.573077864377407,32.10285377250725,1056.9
26.019495895706097,34.31583120349033,1064.05
52.305350799150766,50.53862426276443,1057.8166666666666
27.170367846035663,35.20737596064067,1067.0666666666666
25.456411547759217,33.28256020139259,1061.7333333333333
33.16816998268068,39.45733589501708,1057.15
21.470884678766474,29.422405851692258,1059.6333333333334
138.2336699216222,45.57504520856465,945.45
62.34999777243158,62.4167241821222,1107.6666666666667
95.76239548428647,100.55043426315211,1103.7833333333333
117.7672563434619,91.81872339616629,1091.8
23.84777534464984,31.449987200557878,1119.0166666666667
117.7271551323464,81.00920642386104,1064.3166666666666
83.03902027895613,57.03448258194187,1096.2333333333333
68.9509165195713,77.97055072051894,1102.0666666666666
70.7571963360147,72.42564860787363,1104.95
116.91251596338559,77.5724920666065,1038.2833333333333
61.869746690572086,53.707304682614506,1064.9666666666667
124.11855779410624,121.34046511603732,1023.1833333333333
90.45560451895112,77.26939447176935,940.4833333333333
48.4359686137849,64.02700701359267,1085.4166666666667
134.06108060631666,95.77861124949222,1022.4
145.68785029034584,95.42163347791328,1067.3166666666666
197.42918280290334,38.540095784142096,930.8666666666667
166.850314653584,59.58386768359027,1111.85
50.98120296300937,41.57900382791817,1148.1833333333334
78.40744543727973,126.00686018451266,1133.85
53.54378011393003,50.68246111236884,1134.3833333333334
34.933027193315056,41.218722091392614,1161.3166666666666
30.55034096918287,45.27355646792328,1146.1
30.176936557576546,45.93990178778342,1126.05
37.669096529294855,49.68732744346969,1129.15
36.86972184447408,54.32482342979097,1102.0833333333333
35.58098743242895,52.00081485671846,1119.4
38.00912171220658,52.67086802951942,1116.8
104.23464315348009,57.80900756743886,1105.85
45.220742536534665,43.929836199041034,1152.8666666666666
46.770349106624764,41.02128426453595,1115.3666666666666
34.267752901071425,39.689899667210305,1129.4333333333334
86.22312141570072,75.94009682035404,1108.2
43.879063597827866,45.56797864691939,1145.8333333333333
36.86347183263611,55.10559970315238,1130.8666666666666
39.788482420586654,54.24145640762551,1100.9
38.92849213622331,63.39665285502334,1099.35
114.70156930051132,77.92499653349856,1090.5
30.286667400396208,44.259826065969015,1128.1333333333334
52.41234746380538,45.927171529996954,1130.75
92.07966961037357,42.53552851958793,1084.6333333333334
47.93401425107459,53.279245172033875,1106.1166666666666
149.77360322240438,57.70130568683955,1026.9666666666667
151.62544861159245,43.979386542765305,1042.7
167.63046328821684,54.84925412406354,1057.1666666666667
73.24816835025068,107.01702699942943,1125.65
68.24535800249632,76.49471013061034,1119.2666666666667
135.637321764902,63.071388124885914,1039.9833333333333
101.35204185850864,92.0446649131988,1119.7833333333333
126.93876038818439,49.18643191720418,1075.1333333333334
48.839351165041315,69.35123084948805,877.4666666666667
122.99044565421424,82.70285794254275,975.0166666666667
42.479158288375835,58.904835633561945,898.4333333333333
43.05953243282297,64.07887089294921,878.9
62.77038181605504,80.79740304603268,893.75
47.60469164553707,67.11538256071545,880.6
49.079898012209526,71.49196944353439,884.1166666666667
109.18284740135086,74.91056814855287,953.65
87.72327703257177,59.53221603268865,1019.4
104.31202657838112,94.61644247402603,936.9666666666667
79.6675366061289,92.21630798089413,1078.5166666666667
95.74885406915091,77.71154834233269,944.9166666666666
106.42875942776621,91.0547423350092,1023.05
139.68188461246106,103.66520426966412,1041.9333333333334
99.94056428142123,73.1848136511431,1048.6833333333334
97.49119048520343,98.03380599897194,1056.6333333333334
83.28335001000434,70.91604011620157,1039.9833333333333
112.08942362635689,86.71431762607564,1008.8333333333334
121.95864964086074,89.40746565726062,1001.5666666666667
234.88007341809325,56.264960345777055,958.8666666666667
51.95041439252969,45.18286760956777,1103.7666666666667
29.735145684675718,35.97174032063107,1109.7666666666667
36.48245773275455,39.217559194225004,1096.6166666666666
40.44811147905699,44.00712577122105,1101.1833333333334
26.745196868887607,30.022025812698,1088.1666666666667
28.01338965566288,38.512379695761574,1084.5
33.345410312198716,39.24844809627639,1073.8166666666666
29.245778422800708,33.592523381232375,1080.8666666666666
24.275015734060585,34.28346441367018,1086.5833333333333
24.66199843213576,34.29162075839064,1067.45
24.421415920367018,38.0149390795295,1073.1666666666667
25.061319243452093,37.98884760522331,1072.7833333333333
29.327442590326363,33.96857969918173,1079.0333333333333
28.212979676422382,31.989140106382393,1082.1666666666667
25.082724245096575,36.75572133488143,1076.5833333333333
23.644708123007614,29.4437124593661,1067.8333333333333
25.438351405352943,37.33948698275852,1079.4166666666667
25.56329834395832,36.51978799574605,1074.8666666666666
21.9356381767712,27.00219702297938,1076.8333333333333
24.317254962040614,34.86122609355217,1080.0666666666666
26.53988612551974,29.439970523198213,1079.0333333333333
106.66823436347967,48.86716689148246,973.4333333333333
237.04718880894205,63.36456262462615,1021.8833333333333
58.942087867857396,48.390712093842474,1166.2833333333333
52.614119355507185,51.712700469328695,1176.4333333333334
114.45637693996007,158.08311480496795,1133.7333333333333
156.33388059605704,114.48129149208143,1086.8666666666666
89.95468612337856,98.91461820638673,1148.5666666666666
100.931399970475,59.35029593118003,1135.55
60.79583319055125,63.42217972725261,1200.0
63.07262128337109,65.60487786742691,1160.6666666666667
84.14798307479245,85.08191466692455,1173.1833333333334
131.06253808350002,44.13826503928271,1105.3333333333333
137.94630195196325,205.75318437719486,1130.4666666666667
164.0975751395086,117.41184937169399,1026.95
46.37064145436085,56.70306242290264,1164.7166666666667
73.72387672932018,60.49106951877627,1089.7
70.39964291260448,70.37117090766115,1142.5833333333333
57.00671500407259,55.78469506405705,1134.6333333333334
64.56103701149789,78.835271294009,1134.65
41.85895629637965,62.785213632251484,1126.8333333333333
42.77049865918745,63.10617902003317,1122.1333333333334
35.23864671383142,49.83277119271777,1122.2666666666667
66.80271742643076,69.7686248750049,1109.6166666666666
59.14732078087354,48.26638652102113,1145.8333333333333
38.89679721176711,51.14485907859647,1135.15
42.35184634568945,57.85941465662074,1126.5666666666666
44.54080214315359,51.32498648112959,1118.4833333333333
57.816556164014706,57.59340239992772,1118.75
51.27061915843117,35.02009108584695,1131.9166666666667
40.97715827140774,42.9589871420543,1132.15
78.77803557393956,119.74096335458783,1104.5666666666666
75.05311267510643,63.39170667032298,1111.7166666666667
52.766150766060875,52.433492983404015,1113.0
69.98630620025288,75.07781274185933,1107.8166666666666
47.81241993457349,68.79162838306141,1124.35
159.71949282692105,73.81079797905646,1039.9833333333333
47.90841668108945,60.30684251589771,1148.1833333333334
52.4022264158054,69.58642961411857,1132.8
49.97208943222428,63.50003336446474,1114.5833333333333
38.33496735647785,43.882933634919844,1164.7166666666667
26.8400353949096,40.25111852325201,1068.75
32.568389582538465,52.29965809915143,1075.0
35.04258916740537,52.601475780031954,1051.8166666666666
40.399944994462004,65.57076653302761,1033.3333333333333
36.01826697046314,59.266848423329364,1046.8666666666666
114.50795702579897,78.03095865407893,1005.8333333333334
38.37207824563179,45.174051348691734,1173.3166666666666
92.7718467831462,61.62117729746344,1102.4666666666667
75.0770918604485,57.67971179316322,1137.1166666666666
67.82175167304365,58.83343336365754,1112.1
38.378031910629986,55.56886093024353,1169.4
209.3884879569287,63.01842614583694,1054.8333333333333
37.43995192304605,39.671105482069585,1187.5
39.429332003246294,38.88008509441759,1136.8333333333333
71.33195286826233,41.13227937738998,1116.55
39.92651583430073,36.422194760701075,1157.8
28.334490172461784,38.39910839360373,1126.7
39.867070789479044,38.42889096782457,1115.5
70.83960560464904,39.61616687624008,1112.4833333333333
218.20814413460067,68.50955642852972,1060.15
109.58635737272327,74.97694560917613,1165.8833333333334
40.8613373360306,47.20815787013433,1171.8666666666666
58.268199350551036,49.21536896511984,1135.8166666666666
59.805357898212876,59.249973181714594,1154.95
192.26449591354327,55.288151181034706,936.7166666666667
47.944977143944215,40.32474111215981,1125.25
43.1876107491746,56.264659106821036,1137.1166666666666
42.70396806959383,50.314940329279764,1122.2666666666667
40.96677176552833,45.50246780418823,1121.0833333333333
111.06792091128544,87.77252958159826,1098.3166666666666
54.18434326957885,55.957156734688624,1127.0833333333333
32.18803694266275,47.10068551805999,1124.6166666666666
191.20722542716726,46.32164629257295,937.1166666666667
57.574203328303966,49.57702447638627,1122.6666666666667
38.272400847956575,37.503446169335845,1145.7
33.283713067438185,32.570653319009715,1126.1666666666667
31.707425523579385,38.19330849192463,1141.15
150.79675062812194,65.0746637671435,1042.2
35.910150220917885,43.17288854228711,1126.8333333333333
30.234247505473363,39.55579624971734,1130.5833333333333
202.23737427972,68.54356526314524,905.3333333333334
46.90646425482195,55.74974348196667,1161.9833333333333
109.45064336646602,52.56150553786278,1126.7
50.61138431442299,39.424461132566165,1195.5666666666666
66.03451117913016,47.041993500938844,1118.9
210.11917980570507,54.29829725457109,996.2166666666667
51.79870225744614,45.82483228815233,1107.1666666666667
62.8712617620766,53.60464184302181,1116.2666666666667
48.88061135733336,45.66773886324301,1082.95
70.33045807709014,47.07422915829273,1082.4
37.8708734459024,40.82060795601047,1105.2166666666667
129.78092117102577,45.01412207786216,996.75
90.50988896247746,57.27098830730019,1052.6
84.89185767787156,60.320050352899,1103.65
70.6069145968643,54.02431969626335,1099.2166666666667
53.299895768086536,61.56806898583118,1140.7666666666667
55.21482037359977,53.316611078998186,1064.5833333333333
46.965386190257185,56.1142901525274,1151.95
59.83262534400071,60.11401596345263,1127.0833333333333
67.02458918602602,51.43236467044093,1099.7333333333333
145.39709610427423,74.84922698105183,1049.4666666666667
119.62264278415965,53.35585682591105,935.3
101.30043873986375,50.43724074765875,879.5666666666667
125.0055320998057,37.00137423009116,802.3166666666667
70.86543390273019,37.31928206114531,747.9166666666666
58.82745721363641,39.967147525885956,681.3833333333333
91.29145025077041,50.71605903525822,683.0666666666667
64.2336101014622,46.62199233721705,709.9
56.14994558224335,39.8273817741394,850.5166666666667
37.81951289421316,39.912191756998986,866.5333333333333
47.902711011196665,45.37975356806497,815.1166666666667
62.69592402133403,44.98719215095691,826.4333333333333
69.89705922918995,38.51986060484837,772.6333333333333
83.07540082492665,41.18396100507814,780.3333333333334
47.401429889356244,46.794719389177494,827.7333333333333
63.79415464340496,46.49202592462788,894.15
66.24541912883906,52.170353292956186,855.3333333333334
47.83542097651071,40.09945263585172,883.85
50.532563758432055,35.45467385698372,847.4
40.04845676039076,37.647112568506,856.2333333333333
49.41518828592413,43.252706391270955,880.35
39.3628808509856,36.39309861936249,878.1166666666667
34.226532917541554,32.4656271948124,908.3333333333334
37.06182522338705,35.99058257236614,837.7666666666667
81.6139898138385,48.20612521738888,923.3
36.54335324880117,44.15784476440498,965.5
51.90089648123195,45.487752123185196,952.2166666666667
35.019930833106386,47.15499146791337,971.7333333333333
46.41262998605252,44.22228136914157,917.9666666666667
63.87693028177092,73.4736203093051,986.0666666666667
57.09118194218398,73.6558649441982,971.6166666666667
34.47267839254089,44.99246641270408,968.3666666666667
41.10526797815039,40.88574406558612,919.9166666666666
42.39137752997523,37.23380093682876,919.2666666666667
38.14488461408977,43.44741610385703,899.6333333333333
36.891899140898424,45.342388593785294,931.7666666666667
24.289292336793636,35.23456507850191,956.3833333333333
41.69783833992144,48.54719877062503,908.0833333333334
53.87481374033283,42.31660330478142,913.9333333333333
48.00770771449101,49.82953994216139,922.4
40.672130780452385,58.592965390227,907.6666666666666
29.95090427126812,44.49242936934823,924.1
33.01596835876038,43.789171326067915,915.75
38.83785381414489,43.575961340854676,926.4333333333333
37.622463000476486,54.882463007437195,913.0166666666667
34.49980273695618,45.1134163967112,934.8833333333333
32.44352357901685,47.4277327152424,925.5333333333333
34.51772491537258,43.941216511091,913.4
66.16093803916495,42.25948895549568,928.3833333333333
36.27803130760482,40.75578361785091,914.0666666666667
38.584290844850315,38.383435692929055,920.05
70.81492898158317,40.564867491171114,896.75
42.01619727359121,54.90083510216629,911.85
78.49490252380866,108.96586310415707,954.8166666666667
43.85930789340946,40.86252271595409,926.8333333333334
78.72303594811935,43.95085853657122,883.9833333333333
69.22894986925628,94.53759004863299,905.45
46.41618491671005,40.68231615158639,941.9333333333333
88.10621746253528,40.945395635270316,795.8333333333334
110.91456171305913,48.254796898638105,808.6
50.01745250965462,44.27341858520007,826.5666666666667
44.345646786227945,31.6040117599338,796.6166666666667
35.031319320478545,50.22407417881035,842.2
53.471017591048536,41.040079624596494,862.4833333333333
71.02521265954319,45.57876401147314,982.55
59.22314440599497,52.42104636207594,957.95
54.14784288306311,45.74635300829261,952.3333333333334
87.96951965816848,114.29207306765284,942.7166666666667
63.760879245993955,52.98560725585002,972.5166666666667
55.0663841800664,47.882270877714014,917.6
57.08076879884035,53.57728458711596,920.95
48.73947464723936,43.5253676276105,994.2833333333333
66.91952048709122,50.36847278653044,930.3333333333334
44.2690605527407,49.661737138296125,981.5166666666667
45.99195581838198,30.28116828232314,805.2
40.81358706226259,40.7308237088326,761.4666666666667
48.32993953602213,33.63185535939482,651.8166666666667
89.4521597776649,36.38774239507268,680.3333333333334
32.737185788233745,39.07446172786049,712.9
72.44388441330909,42.47471830295351,796.4833333333333
57.440104069853106,78.03258771668867,820.9666666666667
47.43499645714004,42.808798398681816,809.2333333333333
31.329658472444287,33.15474759571536,832.05
62.45073391615718,50.568128235286096,888.15
54.70898768331701,46.48710409842312,819.4
39.3165889500433,33.489689787065785,786.85
59.419235568589706,61.94516437810548,826.4333333333333
54.463899868526575,48.45896394312076,892.1833333333333
37.92716338222808,39.27866544731419,785.2833333333333
45.07937136010464,39.7251147986096,865.4833333333333
38.576946915655896,41.13207334461902,826.95
37.364733818579964,38.725675799160626,787.1
54.92154758279203,50.95228741892104,778.9166666666666
79.83976139743906,63.59032012468031,771.75
36.55502321463115,49.10297032680665,716.7833333333333
54.96134752917019,51.80144622024056,770.3166666666667
54.45175999604298,53.08260272315598,924.35
38.77325825302222,40.90874507643584,951.0333333333333
44.31193405844525,47.519130848639996,957.55
52.31974345842644,41.544136219655456,948.3333333333334
32.6373124914823,37.307471873970755,983.85
32.03642024668521,42.80266109262565,960.0333333333333
31.417524303059484,47.33078691328202,960.15
44.300664655159395,56.84516585740543,944.1333333333333
44.0689201390529,49.12764419070808,921.1166666666667
40.63483727049981,45.476758824924396,837.1
54.53545992186083,50.013896373992644,876.3166666666667
37.26396457109141,49.98694744885146,937.3833333333333
30.86015050010108,42.405428178277496,943.8666666666667
35.767396699601534,43.942180808845706,947.4
34.84153013606352,40.80794206515713,954.0333333333333
40.787453817183646,39.17323541502994,967.9833333333333
35.831686008646344,50.209392058134476,949.0833333333334
27.987616309122625,38.87289151729331,944.4
54.80848221053218,43.736111597021505,934.6166666666667
47.53224344239042,54.39902790756592,951.05
55.235080941976236,45.42081953749434,870.95
48.03563492056936,49.012623763022454,852.3333333333334
75.85184938783995,54.71854022237615,862.1166666666667
94.7034479602277,45.67831514598881,797.9166666666666
91.38051700931052,53.37919991017894,809.6333333333333
69.32697086191556,101.14312731663892,955.0666666666667
49.60587722796115,40.64521987030067,966.4166666666666
54.770937143302156,49.93826697508211,899.3333333333334
79.9629428061663,54.30781696082846,739.8333333333334
25.733700342805992,37.877590530639345,649.1
29.085047704963458,32.5615453762277,669.4
63.48723406236004,45.57318569331409,827.7333333333333
34.5475959929036,47.21138903100912,810.2833333333333
70.18637688326702,85.16783032362571,799.35
73.92776316558391,51.70991446751085,623.45
58.34021626059791,66.99822916961617,648.95
40.304104422916204,54.0359265297839,678.25
50.19125643199443,60.12430626119382,642.0666666666667
39.04112859821322,39.78458947032172,613.4166666666666
95.90430850013406,144.0323056982209,704.2833333333333
42.72949475739471,50.90269880627855,750.9166666666666
50.17741855987944,48.00264823203128,755.6
47.19304032964559,43.48095238537196,757.6833333333333
37.91743955256238,29.8794186860613,718.6333333333333
61.425643848658375,77.3957472663405,660.4166666666666
56.75830825135255,42.637414937380676,729.1666666666666
33.08757319599006,42.80959024505085,778.25
36.19921346597955,43.47529982547854,763.6833333333333
40.40562048362414,42.59963396039128,779.95
60.95420867795394,36.643726773684016,781.1333333333333
39.02897427980056,41.91880772013877,827.35
41.66585332539505,37.78462605480826,795.7
48.48655025422571,35.29056146923082,742.4333333333333
43.90856661543647,36.13510429916959,711.7333333333333
19.457103815544823,31.12740358971959,648.5666666666667
38.09565446201035,37.27588396569193,684.7666666666667
32.241898207146555,37.83416087101126,663.4
54.424899836584196,56.51428497981427,663.2833333333333
57.181142482076694,50.59962483950158,780.9833333333333
40.790099561317845,30.861363042055665,807.0333333333333
39.656945587542836,33.39973611993598,717.6
35.14839572757514,38.79323722296566,711.5833333333334
30.832391877518823,34.93917232436774,745.7166666666667
41.09331859722859,32.860774617689344,727.35
64.09024886829509,102.79195708166066,761.2
49.445286821788066,35.30448667890552,766.7833333333333
47.947688508762695,40.830779350544866,769.55
83.98226499287414,112.69690865475852,628.25
40.53783897655237,37.40728651941708,682.6833333333333
76.11725421275315,51.84118511932642,718.6166666666667
64.8236303793266,60.484624744710736,640.6166666666667
101.74238164217614,50.62507585263202,743.2333333333333
47.919191237842156,42.95385778140405,818.8666666666667
29.30318052513906,41.78191969691343,677.0833333333334
40.51135300409284,43.35036605714115,674.2166666666667
50.71127422312846,45.29227120059751,625.0
29.44959912951089,36.34976044963381,556.7666666666667
29.316562440595476,39.01607665165906,556.65
31.44882969029037,29.24559940821461,588.9333333333333
36.817338155940725,39.04951224765376,642.1833333333333
87.84009935989118,119.64113005150027,667.3166666666667
27.194663487938627,37.229931461260705,624.4833333333333
41.494293449688826,35.09478690342214,666.9166666666666
83.02509660739135,119.93536394835232,653.0
23.660533242793438,36.74995676234053,637.25
48.45282642827856,76.81719440289527,614.5833333333334
26.47816710675671,27.53610880526864,630.2
30.90035958079165,41.73788264224273,659.6333333333333
21.133464773513438,30.316410502609177,643.1
25.599799261365746,26.04917123506808,641.0166666666667
28.79746805999907,33.13378121535661,663.15
44.52316500679419,31.021588983333,676.4333333333333
35.632892887829854,31.603475457881988,645.7166666666667
32.40394351858359,32.629922837891904,650.5333333333333
34.59291433548526,33.289179796525836,639.7166666666667
39.04258358937499,29.189910028255092,609.9
72.38138956634886,37.66894148423039,648.9666666666667
42.88615420181929,34.69186394140294,666.6666666666666
40.54433787020493,37.05698772138732,657.7
74.58042638655266,105.57654464728904,646.6
28.48233370588396,38.54779116097095,657.3
29.789091963334496,43.29774723070748,671.1
26.806399526149637,34.030395187393424,713.0166666666667
31.31126882698233,40.69314688482362,675.2666666666667
22.383153387214136,35.0926135450714,667.8333333333334
21.46765008099396,28.272883337279023,666.8
29.643043028677063,35.72422621951455,679.3
44.71886253771071,34.215914624036024,689.7
30.35582957009887,31.593820464220908,685.4166666666666
61.17825503304985,29.952504776276747,673.5666666666667
34.462777827034714,39.1104476916855,660.6833333333333
57.624674016913595,62.580524397757365,699.2166666666667
29.946521779109283,39.0514653905912,738.15
58.284481925580614,86.79412617788748,707.55
45.39492139974349,39.306272410996414,657.0333333333333
40.59419772441487,41.47513038771507,705.3333333333334
33.13009289989323,43.423417879515,678.3833333333333
34.89477834226141,33.33471748538614,667.5666666666667
24.458871373979807,29.835424286791724,621.1166666666667
52.0373236778714,65.14846148527458,625.5166666666667
52.17230800168057,45.6235517531929,660.6833333333333
25.76049408601387,27.50747202032845,633.2166666666667
26.203986125948262,36.816540129657,641.1333333333333
25.310976977500403,35.31744659369226,634.7666666666667
25.78888649528449,40.02732117789006,650.0
48.77184980430139,42.63423467240493,680.2
92.85082869252643,127.0192164829094,727.0833333333334
68.80184711667752,63.64227355343968,680.85
24.52683337806892,37.61107842563123,660.0333333333333
53.74975710539434,32.24561460132136,687.1166666666667
37.48953928171905,35.941336383292,642.9666666666667
29.328650194344473,35.707854142438,597.7833333333333
30.652510319529927,33.29248910052348,575.9166666666666
46.445245540672225,42.86834397611176,646.35
50.76529873403244,42.38263955434135,653.1333333333333
26.828151673609984,45.31097820355142,629.8166666666667
25.73160615965423,44.47852271659713,583.4666666666667
26.558169908502524,37.930132022631255,599.8833333333333
35.34537530647476,36.82183397968003,613.9333333333333
32.936453968209754,31.981986455301968,629.3
51.101628045385105,86.97145450264176,614.5833333333334
57.0008382004647,38.20218291748545,696.7333333333333
54.67208052460496,61.805462980526954,678.1166666666667
31.231443379318154,28.12140749183856,649.2166666666667
36.878821835845024,38.37129046830963,595.45
24.31672378334622,36.57682882344588,555.2166666666667
34.09989817514938,41.50719766049159,565.6166666666667
35.01279131339796,35.44511154169768,594.9333333333333
29.371353201527654,39.65935459358436,577.0833333333334
125.48963989996234,122.97429798987143,600.5166666666667
27.51193680326172,40.03092025261456,603.4
96.36373655178706,39.37778776787144,674.6166666666667
28.260317683202988,34.3861422619784,634.2333333333333
30.59720393906752,38.58866084438163,650.6666666666666
22.941350342897334,35.03533325474708,604.1666666666666
26.312523423056348,41.355834954039594,591.5333333333333
77.56360114268949,46.934862905224335,612.2333333333333
98.12958977234588,47.64184885908464,700.5166666666667
47.937412900109194,40.27364028362616,611.0666666666667
30.132204071760537,35.74272475457566,564.3166666666667
47.42372823808774,31.80555329402372,595.7
48.11987346432056,73.29693498343639,625.6666666666666
42.055862320912595,37.134889255254286,655.7333333333333
37.21428563811961,39.523217806280805,640.6166666666667
26.34385865603004,40.36339170375191,638.0333333333333
73.38047537776426,39.72938117833651,667.85
23.794134431269683,27.441771944567048,618.35
47.657446660749905,40.44728731135696,638.0333333333333
37.57370164830124,36.70588554848262,670.1833333333333
52.03187858312333,58.41711497526986,622.5166666666667
24.861929843750172,33.92264380486675,633.8666666666667
47.0855574695917,75.62900080466397,620.1833333333333
28.77928942833718,25.257319798225435,617.45
68.13023476320105,39.58706345790679,671.7333333333333
50.08732374563448,34.640771510569124,608.6
31.925133776801417,33.83534407205838,582.95
42.31992898019666,43.146773550250664,604.4166666666666
27.77098305786095,33.662079454786195,595.85
38.35392200718635,38.6658873874327,584.9
29.90991567282589,41.46552580769325,663.2833333333333
28.492962093978385,41.660248093193594,666.5333333333333
51.58094771004762,80.91657138944858,680.85
25.50783648650395,37.474963393657,679.6833333333333
33.50446073120546,47.22754151939419,688.5333333333333
35.81362248580218,41.13104316528341,650.1333333333333
25.13304044922186,37.32155282252798,614.7166666666667
32.56120732132367,34.28173403046575,618.3666666666667
88.33374056509903,32.22353072218173,651.6833333333333
48.77971743802267,47.00432724399975,728.65
23.21299324851398,34.71579526207006,675.9166666666666
41.58540075020987,50.28478221126048,670.4333333333333
26.936324091374377,40.64793029525779,682.9666666666667
40.37691859906543,43.887761314748545,671.7333333333333
34.56724123598334,32.62264992509948,656.65
26.9574304331024,41.94467704254486,647.3833333333333
27.108526743853535,41.38041786945665,654.1666666666666
28.592709832325365,47.23382155092985,655.0833333333334
31.67190746106433,25.3520968276654,620.5833333333334
65.07379571600914,58.04075131801209,645.9666666666667
68.37189156046186,94.9369103623693,697.1333333333333
34.69202197752228,35.47402965073206,690.8833333333333
35.124457291181024,45.74172148865588,696.35
38.992146645189976,39.32200832845457,681.25
50.20837413552976,32.69167726978633,657.55
38.81430148798249,40.22584547362301,690.5
28.788809554331273,40.49733198996058,705.7333333333333
30.688375468390124,32.843749244061335,676.4166666666666
28.533893101985846,38.80874442787085,679.8166666666667
36.052831604003956,39.14142112210065,672.4
31.137236550471208,41.05308675609411,660.15
35.28910360625973,31.655454452750625,631.25
35.80650158219252,32.400303409334754,623.8333333333334
54.48286937703956,33.97581392996185,626.1833333333333
95.33265734026067,43.6461115203572,649.4666666666667
32.01598559053482,36.061153332374396,671.1
27.407541541213316,39.72404813208241,669.4
45.94870025969783,35.91751378659399,646.4833333333333
54.116569140657425,45.6525195621543,678.7833333333333
85.44520498866835,71.58010802175964,681.5166666666667
47.69524492954081,26.435402559344094,582.2833333333333
71.72797958645954,49.585228801067736,674.2166666666667
70.10692428949748,42.282343953114655,695.05
46.15101720318729,34.45188243608512,590.5166666666667
27.8892850790805,32.85742183269292,540.2333333333333
48.146059605699364,53.19519539920238,569.9166666666666
32.1348028709615,37.39754365177532,543.2333333333333
32.05739210991575,37.322915213043046,527.0833333333334
33.73987090800569,36.59744364509538,531.7666666666667
31.998068518097913,39.046256792316534,580.0833333333334
52.83827263977841,81.55740413654375,605.9833333333333
82.47149507557141,118.44264864038271,613.55
37.79328276588609,47.91853963423725,599.3666666666667
83.70407530235444,66.7740942358408,673.1666666666666
48.08672720547047,81.23235140788574,631.0
