Interval_ID,MEAN_RR,MEDIAN_RR,SDRR,RMSSD,SDSD,SDRR_RMSSD,HR
1,706.3411764705883,695.0,46.06045974105223,20.173945951104738,20.14734203701477,2.283165616319594,84.94478588917204
2,644.8723404255319,641.0,29.272103502457398,14.538787572766221,14.52349474615449,2.0133799573005207,93.04167079085421
3,661.6593406593406,664.0,31.827909440387216,21.618664775296985,21.608037484941043,1.4722421468302722,90.68110478151833
4,591.6862745098039,593.5,18.823212824135084,22.057081662929676,22.052379029054755,0.8533863686858626,101.40509013785791
5,600.0,601.0,16.59698767849154,19.80664106563832,19.805981685322614,0.8379506461236849,100.0
6,600.47,602.0,14.859646698357265,18.721510342249353,18.721376819163208,0.7937205079455094,99.92172797974919
7,591.7549019607843,586.0,23.955201766152065,17.40405096806516,17.40382284732322,1.3764152845856212,101.39332990937557
8,594.6039603960396,594.0,11.147151843240199,15.083766107971842,15.080371348212882,0.7390164872252213,100.90750145699775
9,584.3398058252427,579.0,18.42568563783807,18.049496218052465,18.043861294395395,1.020842100812174,102.67998072673501
10,551.1743119266055,554.0,17.13349851360036,20.698452259188993,20.698452259188993,0.8277671344239768,108.85848397083792
11,561.4205607476636,562.0,13.476901237869251,14.589347367301034,14.586601966331031,0.9237494247395125,106.87175389532561
12,567.5849056603773,570.0,17.170547361374748,21.20624346518642,21.206138673985826,0.8096930222254148,105.71105644571504
13,563.7383177570093,563.0,11.64613485166399,16.38107513692277,16.380379688293097,0.7109505789039283,106.43236074270557
14,564.4766355140187,563.0,15.299102529656581,20.797768385365792,20.797768385365792,0.7356126987365477,106.29315054885015
15,572.0095238095238,578.0,19.20639538233987,14.829479476315463,14.827830337402466,1.2951496654359913,104.89335841894075
16,596.7722772277227,609.0,44.425236157903775,21.272987566395088,21.263950714766057,2.0883402493066967,100.54086339051665
17,643.4468085106383,648.0,13.52508860338036,14.072775517028905,14.072512606258378,0.9610818126825222,93.24780107135771
18,633.4736842105264,633.0,33.44747401532051,14.593426092127338,14.57802798579872,2.2919548709239908,94.71585244267197
19,621.2989690721649,625.0,15.570368996583387,10.429825022501577,10.421910138621422,1.4928696275336801,96.57186473301697
20,664.9230769230769,671.0,29.859830331996548,15.32536024590178,15.321734743675586,1.9483933723503493,90.23600185099491
21,729.3012048192771,742.0,66.16859352920196,38.97638434469475,38.946563018701156,1.6976585858767184,82.27053459327297
22,764.0759493670886,773.0,51.71802128237821,37.194912803521106,37.19292418548797,1.390459538259282,78.52622510851198
23,788.3506493506494,796.0,33.85828611343732,21.8758458483083,21.859631522619708,1.5477475178888065,76.10826483040377
24,771.525641025641,773.0,30.65888600806873,25.54344402126566,25.54323272546229,1.2002643802669803,77.76799215673242
25,759.95,765.5,31.345613728239556,25.347958247988576,25.347247097604406,1.2366129619424835,78.95256266859661
26,753.4125,750.0,40.129382548825745,33.514402722910305,33.493273819129975,1.1973772255649797,79.63764869842218
27,755.9625,758.0,38.487479701196335,26.504597165134882,26.49999924419465,1.4521058162628548,79.36901632025398
28,747.8888888888889,750.0,52.86530753472206,29.569198501143042,29.566659326849898,1.7878505409160301,80.22582082900014
29,754.9875,758.0,49.334697158794846,28.53756130196291,28.53135915752597,1.728763598149553,79.47151442904685
30,783.4935064935065,781.0,28.575542797050446,23.543353067993745,23.543353067993745,1.2137414205412296,76.5800858625205
31,757.225,758.0,24.419241900599616,17.624781172894178,17.624781172894178,1.3855061042207377,79.23668658588926
32,714.2857142857143,734.5,73.5825696603695,24.263364222083755,24.262691165861177,3.03266146387882,84.0
33,608.030303030303,602.0,35.501445281564095,18.518881704677437,18.46290618031391,1.9170404481063918,98.67929230002493
34,685.1022727272727,688.0,61.219248267771746,24.639702565752202,24.607829046125218,2.4845774052834164,87.57816517109256
35,652.5108695652174,656.0,39.06390933185431,17.078036791719963,17.029570735483937,2.2873770450473487,91.95249121287335
36,584.7961165048544,586.0,18.448753068238364,20.0,19.99938484251954,0.9224376534119182,102.59986054387888
37,574.4857142857143,571.0,15.402606016802597,19.208371572351947,19.207755460294813,0.8018694327515367,104.44123936937385
38,573.3619047619047,570.0,18.172781221493395,16.103630742069413,16.07824571298438,1.1284896873609065,104.64594787635168
39,570.8301886792453,570.0,15.448314128032301,13.88901587243538,13.879134896942544,1.1122684479532894,105.11006809016989
40,569.2830188679245,570.0,16.190350443712145,20.413580913555705,20.411445813107065,0.7931166272234427,105.39573114145566
41,564.5420560747664,563.0,13.114364225671963,17.158528326742438,17.1583623450027,0.7643058877743355,106.28083302983147
42,567.6603773584906,563.0,17.875822605403776,19.714630776828326,19.712560310969387,0.906728754282033,105.69700192780695
43,572.1714285714286,571.0,18.166141788585524,22.344978785469387,22.33676611692324,0.8129854122035999,104.8636772196145
44,573.8095238095239,571.0,15.520858615237593,21.128953885786498,21.126851219612007,0.7345777126087872,104.5643153526971
45,580.6057692307693,570.0,52.33663562223347,20.718173627195085,20.711539234916813,2.5261220686718913,103.34034413659472
46,577.9903846153846,570.5,45.06032179037419,18.976991689733993,18.969477544985793,2.3744712822291283,103.80795528272695
47,633.0526315789474,625.0,20.52180787206503,13.892443989449804,13.890097628605295,1.4771920540150958,94.77884935151313
48,653.8695652173913,656.0,48.101391417844695,21.997752132913465,21.997749388124603,2.186650305322536,91.76142030720128
49,665.1868131868132,671.0,22.150291883033105,15.256692520551978,15.252803830488283,1.451841010310387,90.2002246745523
50,684.75,675.5,43.19307867534503,22.930178879552507,22.927585947588696,1.8836782260718221,87.62322015334064
51,677.9213483146067,680.0,28.828522361592423,17.05172611897,17.04808691795016,1.6906512666492322,88.50584238004475
52,693.9655172413793,695.0,39.91498099073932,19.457467030829424,19.436856065617246,2.051396562949121,86.45962732919254
53,685.6363636363636,683.5,30.36564364622602,17.634866195895178,17.6310299492011,1.7219095006966456,87.50994431185362
54,674.5955056179776,680.0,21.855870628371814,14.894706198085034,14.892412893042536,1.467358290771909,88.94218757807425
55,683.0681818181819,687.0,24.62158857521062,16.043761991832675,16.034272647245302,1.534651822168929,87.8389619031775
56,716.9761904761905,703.0,69.91099378605767,29.786994817217863,29.777322317028233,2.3470307835702453,83.68478730116561
57,731.9024390243902,719.0,60.08745856647616,30.990440581047043,30.986700098435744,1.9389030113764856,81.9781391628899
58,737.329268292683,735.0,34.3120738466757,22.526527571830606,22.525766377453895,1.5231852196156015,81.3747705132234
59,704.0348837209302,711.0,53.2456893493624,16.69131510696506,16.578052777996415,3.1900236145649,85.2230498620906
60,653.7934782608696,649.0,34.70983385386007,19.063514429862675,19.061838873618967,1.8207468503020459,91.77209928677118
61,627.4375,625.0,28.002534297511954,14.113077175740983,14.112072197854275,1.984155117187739,95.62705448749875
62,630.9375,628.5,19.48600592946983,17.53162555888193,17.531622398783234,1.1114774191374264,95.09658246656761
63,639.2978723404256,633.0,26.91824888681727,16.0,15.999768757723118,1.6823905554260794,93.85296369021866
64,627.6041666666666,625.0,36.22829211135346,15.916228064132333,15.911200953714138,2.276185787573309,95.60165975103735
65,627.6770833333334,617.0,46.37067472903957,21.00375906205463,20.999538314407832,2.2077321774659273,95.59055379457988
66,608.89898989899,609.0,24.04309890676121,16.722525441537147,16.721824942404307,1.4377672194799274,98.53851130538644
67,594.6831683168317,594.0,13.879916892116661,13.915459029439164,13.914539158736089,0.9974458523252944,100.89406123570251
68,605.16,602.0,19.886035301185604,14.295581008256935,14.273853137091155,1.3910617056907095,99.14733293674401
69,704.9418604651163,718.5,55.8703554650808,23.29352346241585,23.293333320128955,2.3985360375053495,85.11340206185567
70,609.3737373737374,609.0,32.06514387444103,15.369928232674056,15.35731913926894,2.086225998523244,98.46174247447287
71,623.9484536082474,610.0,44.06774801523724,18.449819330642057,18.449066522606383,2.3885192166650704,96.16178973282885
72,673.7,672.0,19.4909950717989,12.769345315061415,12.750328917882973,1.5263895361032576,89.06041264657858
73,684.4772727272727,687.0,19.102580306863395,13.448496903576892,13.448256213759102,1.4204249325277896,87.6581332802072
74,686.1704545454545,688.0,14.100468714734507,11.568884149293316,11.56742228374131,1.2188270305737163,87.44182965404171
75,686.0795454545455,687.0,11.522923389042905,13.733087822825036,13.733087822825036,0.8390628194987049,87.45341614906832
76,687.4090909090909,695.0,20.854275975115534,13.194826572405644,13.192177907141673,1.5804888272444677,87.28426899424717
77,680.1348314606741,680.0,18.021330065540255,14.836227160691372,14.835948635015775,1.2146841559077648,88.21780215423247
78,689.0909090909091,691.5,17.496516772590873,13.402264348055981,13.387346008883915,1.3054896037122838,87.0712401055409
79,694.7816091954023,695.0,18.83834759046626,14.955359932066978,14.955138431150079,1.2596385293324475,86.35807166727326
80,699.3953488372093,703.0,11.409175285368619,12.634220570013992,12.628610347459393,0.9030375259117376,85.78838864135133
81,692.528735632184,695.0,16.617287135230807,12.703231597639075,12.703231597639075,1.3081149475633562,86.63900414937758
82,698.0348837209302,703.0,18.14825744368569,15.42114667286069,15.41655067134267,1.176842282138745,85.95558961203379
83,697.7674418604652,703.0,15.952454370179728,13.116222555204187,13.113431134701836,1.2162384637069303,85.9885348620184
84,698.4883720930233,696.0,14.01224065050245,12.950584815321026,12.95024281345086,1.081977443514786,85.89978358581655
85,688.2159090909091,688.0,8.096644736663178,11.101413392462458,11.101032554136621,0.7293345856447944,87.18194277033832
86,691.448275862069,688.0,29.692198217012884,14.910196292751216,14.9058383993762,1.9914022346874218,86.77438659485338
87,684.8409090909091,687.0,12.625629024506573,14.130752312581954,14.130453120024015,0.8934859762041666,87.61158862376796
88,687.6704545454545,687.0,12.730351697374388,11.568387364144431,11.555766434044406,1.1004430692588494,87.25109476989176
89,681.3595505617977,687.0,14.595864575945942,14.887838233696902,14.883669950598444,0.9803884450403209,88.05923385168451
90,632.0736842105263,625.0,39.7137765054059,17.813155549713752,17.8035435000703,2.2294632972002586,94.92564158076175
91,686.9659090909091,688.0,25.264261887476714,14.403064807952124,14.362481768386413,1.7540893014331214,87.34057863133343
92,701.5813953488372,703.0,22.928840940837173,14.358846422614711,14.348195936897385,1.5968442217422845,85.52108194112968
93,705.5813953488372,703.5,14.645790820255357,13.271818883280025,13.2704839378463,1.1035255189253883,85.03625576796308
94,700.5813953488372,711.0,33.84247541535708,15.313584895540991,15.313363456341682,2.2099642667740933,85.64315352697096
95,700.5813953488372,703.0,16.006150791782535,15.0,14.999995386389143,1.0670767194521689,85.64315352697096
96,684.9204545454545,687.0,13.386918301519966,10.976987422492712,10.97120265151262,1.2195439227787686,87.6014135682644
97,682.0795454545455,687.0,20.20925844918897,15.7498403567899,15.745809157085645,1.28314052659439,87.96627959282274
98,690.735632183908,688.0,29.48502825616774,16.55294535724685,16.537238572379117,1.7812556992015474,86.86391320264919
99,714.5714285714286,711.0,22.053660593611923,15.120400326185031,15.120093116490958,1.4585368189901753,83.96641343462615
100,708.364705882353,718.0,21.64301113052081,14.357675896288269,14.355286936823964,1.507417446030798,84.70213083987976
101,706.5176470588235,711.0,28.87278864043847,15.463089693109293,15.458685154695988,1.8672069562724483,84.92356878809072
102,712.4117647058823,711.0,12.383379865198886,14.441177896820571,14.43615233817743,0.8575048346939388,84.22095615556107
103,701.9418604651163,707.0,33.90525604145091,17.791604100546646,17.791604100546646,1.905688539933798,85.47716467606473
104,708.2705882352941,711.0,13.471004360384887,14.22020695047318,14.22020695047318,0.9473142273739298,84.71338637609422
105,704.9418604651163,711.0,24.83637366854883,16.211833005917768,16.20937402333519,1.5319904701388711,85.11340206185567
106,702.4883720930233,703.0,30.454214275160027,20.830407637704575,20.830195011604026,1.4620075998914035,85.41066640182738
107,707.2705882352941,711.0,49.77393322880706,18.274689756991382,18.262956293063787,2.7236540751541325,84.83316144915001
108,713.3176470588236,719.0,43.061983169190746,18.079190879492998,18.078940028728407,2.381853449981294,84.11399920833883
109,701.7674418604652,711.0,31.007003866945276,16.58808927762185,16.58588218604224,1.8692329989310614,85.4984093319194
110,724.8674698795181,734.0,33.58634658207142,16.757961340589222,16.756825347208082,2.00420241456951,82.7737517452297
111,705.5813953488372,703.0,40.50824352402655,19.80433701757982,19.773436447095776,2.0454228529876253,85.03625576796308
112,669.0111111111111,675.5,77.1930472465615,15.383487426239162,15.358502549255425,5.0179159710492955,89.68460912457857
113,726.3734939759037,734.0,36.22842884347637,15.491933384829668,15.489610034997265,2.3385350261674067,82.60213305909866
114,710.564705882353,711.0,44.66672588610098,20.734718986004403,20.727486215343532,2.1541997225161476,84.43988211530183
115,728.2530120481928,734.0,28.834736152769885,16.300157114310878,16.29321691106837,1.7689851668640761,82.38894863098685
116,724.3975903614457,726.0,12.151592447614393,13.867843133333016,13.859261148116214,0.8762424214625409,82.82744282744284
117,716.4285714285714,719.0,23.68507954804625,15.650166479733482,15.647712988143871,1.5134075141448335,83.74875373878365
118,716.8928571428571,711.0,25.57762129058044,14.99276934158998,14.991680084853211,1.7059971181993745,83.69451502017635
119,720.4166666666666,726.0,21.980082073015744,14.984329163560433,14.983089127111642,1.466871278192947,83.28513591671486
120,731.5542168674699,734.0,13.880950812932118,15.355939503943759,15.35562958347259,0.9039466982379796,82.01716102043841
121,718.5714285714286,726.0,23.808404735605905,15.065319625606579,15.064086256083712,1.5803451454915483,83.49900596421472
122,719.297619047619,719.0,15.36676977697931,14.04811010742589,14.028236046995229,1.0938674070369345,83.4147068072359
123,708.364705882353,704.0,24.963430693162312,17.323600747452673,17.30735805538046,1.4410070433442095,84.70213083987976
124,708.7411764705882,711.0,25.389739910711253,16.716117115782943,16.715031865043905,1.5188778431528749,84.6571385887157
125,724.6746987951807,734.0,39.006983753371415,16.3259482225644,16.311658294352515,2.3892629831729546,82.7957704329321
126,731.2650602409639,734.0,21.911698112035896,17.215633847770107,17.202562825267847,1.2727790510527184,82.04959222341215
127,734.9512195121952,750.0,42.207068659814,19.20712316425637,19.20305982070751,2.197469568912826,81.63807121760196
128,718.0,714.5,24.154266112398684,15.064919755143592,15.064683682056264,1.6033451558314296,83.56545961002786
129,746.6296296296297,735.0,42.6711353112583,19.483326204732087,19.463668076701268,2.19013606110513,80.36112902425715
130,719.1190476190476,719.0,25.403601526585593,15.877922840691088,15.870968684155228,1.5999322947635573,83.43542032248452
131,713.8823529411765,711.0,19.69079316940124,14.345648087403337,14.34303480412323,1.3725969750151183,84.04746209624258
132,727.8795180722891,727.0,17.088992857280367,12.820524702933831,12.817183402092647,1.332940207460444,82.43122455060086
133,723.3614457831326,726.0,28.796577069536568,17.00466220144834,17.000459279235297,1.6934518738680897,82.94608504472093
134,737.8048780487804,742.0,22.060581236615754,16.631815413556552,16.62917594035911,1.3264084940862335,81.32231404958678
135,736.0,742.0,36.6439693238175,16.632928815685297,16.625958515846378,2.2030978265993215,81.52173913043478
136,742.5679012345679,750.0,37.387506420406325,19.53714411064217,19.521766697714632,1.913662826494728,80.80069162731928
137,723.4578313253012,719.0,14.569568222442841,14.580307467733956,14.577369534933288,0.9992634417816716,82.93503422319183
138,712.035294117647,718.0,27.567861535116887,14.858859790903011,14.847867984106989,1.8553147363295441,84.26548584835517
139,739.719512195122,738.5,38.32571396571183,19.566915892160015,19.481418892387214,1.958699785747431,81.11182551065829
140,754.975,750.0,26.28401367751889,13.65302396142112,13.609555348922513,1.9251422799658686,79.47283022616642
141,747.8765432098766,742.0,37.97314929082058,18.519246744940787,18.51701497947226,2.0504694285794502,80.22714516821289
142,735.2317073170732,734.0,30.400296364283815,19.05255888325765,19.051658889639715,1.5956017535785147,81.6069266366999
143,727.3132530120482,727.0,20.893838205559106,13.12045507836579,13.061357057580341,1.5924629199798706,82.49540311759736
144,664.8351648351648,672.0,48.32292103650504,18.900617273870537,18.881243550801717,2.5566848075014907,90.24793388429752
145,691.7241379310345,688.0,37.76688619971674,20.6448371833149,20.644627606218986,1.8293622693348162,86.73978065802592
146,674.5056179775281,672.0,21.22862366759444,13.228327043267276,13.228087877100663,1.6047852157086648,88.95404041245357
147,710.0235294117647,703.0,36.08909774126456,19.065988166415732,19.064021955153535,1.8928522049979353,84.50424178154826
148,697.551724137931,688.0,35.7175247950795,18.313167203497482,18.29069397832574,1.9503739794533248,86.01512679816105
149,776.6538461538462,765.5,44.365563835455426,30.657089601870933,30.65563439877402,1.447155108707641,77.25449413162977
150,727.5903614457832,719.0,33.548036462239736,24.02691580138469,24.01788942627066,1.3962689485225706,82.46398410332836
151,743.8271604938271,735.0,35.32102864833796,20.761141587109318,20.76090075117166,1.701304742811876,80.66390041493776
152,690.6436781609195,695.0,67.11766593620496,18.96661693975852,18.80725798588245,3.5387262867902622,86.87547848084412
153,653.195652173913,648.0,35.984368324386416,15.271175174451743,15.241904814019094,2.356358820674605,91.85609212234166
154,664.7472527472528,664.0,24.911973998391986,15.884303922775814,15.884055208810603,1.5683390420824035,90.2598690735965
155,663.3736263736264,664.0,24.111758269554176,13.576941236277534,13.575777266700486,1.7759344943710629,90.44676727351036
156,662.8681318681319,664.0,20.550772714120654,13.67438806268452,13.671999862745523,1.502865987122365,90.51574078679067
157,661.3956043956044,664.0,20.35934276496958,12.43203746598101,12.431719684781653,1.6376513359681246,90.71726452556199
158,661.4065934065934,664.0,21.881789318511792,13.89724193260423,13.894683235764042,1.5745418713028998,90.71575729381271
159,654.3804347826087,656.0,27.43246346912499,19.047944136419968,19.04768737660328,1.44017975234785,91.68978290118432
160,625.0729166666666,632.5,47.69526636008779,18.469890148705897,18.451631762026913,2.5823253942541498,95.98880130651425
161,673.0111111111111,664.5,36.720110882320014,21.75579478533416,21.751381232743125,1.6878312764318533,89.15157418566642
162,726.277108433735,742.0,48.82802702305455,25.710394595258595,25.684826094275174,1.8991551001733444,82.61309533683914
163,770.8333333333334,773.0,15.987508478509946,16.847675087208795,16.847354731344353,0.9489444920888871,77.83783783783784
164,754.2,761.5,32.11635097578802,19.6249647262442,19.624703456089847,1.6365049019853402,79.55449482895783
165,717.9166666666666,742.0,56.060598236222695,16.014300837854307,15.903623585247471,3.500658492920758,83.57515960533952
166,727.2168674698795,734.0,52.125670246251886,20.89374979480239,20.83806648593146,2.494797284268182,82.50633708311933
167,786.4285714285714,789.0,30.898841474280072,22.79138803190917,22.791144949050775,1.3557244267448751,76.29427792915531
168,774.025641025641,774.0,28.530673713352865,18.19733104449268,18.19614463399426,1.5678493534900828,77.51681187266043
169,780.038961038961,781.0,28.947530481864632,20.118726547541144,20.118451172054147,1.4388351277333964,76.91923480345638
170,770.6282051282051,773.0,17.03323220479712,17.069757566427924,17.0669116647676,0.997860229620212,77.85855695486534
171,764.6455696202531,766.0,14.981032712441054,15.562117053263902,15.561779068742508,0.9626603283580254,78.46772725015313
172,744.9753086419753,750.0,30.831671750481377,18.757331899819867,18.75099580688983,1.6437130779126141,80.5395820559137
173,770.6708860759494,766.0,55.17904608692481,30.151540335700673,30.127956900232192,1.8300572863798448,77.85424502734753
174,724.2168674698795,726.0,65.46111660961503,27.14819313037062,26.9977966360308,2.411251323255979,82.84811179504243
175,669.1777777777778,664.0,41.652151545809275,20.57624898935445,20.57609866773327,2.024283024926403,89.66227210839172
176,743.0617283950618,750.0,59.2876115302621,21.542109924517607,21.485369295173868,2.752172917973341,80.74699275603109
177,784.5974025974026,782.0,27.712466012144766,20.331463819721186,20.331463819721186,1.3630334863180942,76.47234084814778
178,776.7435897435897,777.5,25.560604652289904,18.622009042507223,18.621719211147397,1.3726018816736911,77.2455682831017
179,774.0384615384615,774.0,25.088787110156943,18.265004506169433,18.262344866055574,1.373598736407791,77.51552795031056
180,771.025641025641,773.0,32.48627890197304,22.91712907837291,22.899090787928973,1.4175544759937062,77.81842367808447
181,778.2435897435897,781.0,22.214678617709055,19.570717590650247,19.570441809335378,1.1350978069563447,77.09668385417525
182,778.4487179487179,773.5,23.237153846139698,19.49758559811558,19.49758559811558,1.1917964780411345,77.07636818788188
183,775.5384615384615,773.0,37.60274550385926,25.281017980490226,25.27781211777024,1.4873904813832224,77.36560206308272
184,776.3461538461538,774.0,25.910510154938127,21.55150882113669,21.549254809943875,1.2022596826040475,77.28511270745604
185,779.5194805194806,781.0,39.173808633409934,24.68965263766222,24.668312128491845,1.5866488365921039,76.9704946437199
186,775.2435897435897,766.0,31.186858630139476,22.326968143783127,22.320923961238407,1.3968246126970605,77.39502885776183
187,747.5925925925926,750.0,28.993731880187344,20.169593451529956,20.15787299667304,1.4374970893619097,80.25761704235819
188,763.1518987341772,766.0,32.76154298757087,24.066680872216846,24.06580666889413,1.3612821461139488,78.62130736950357
189,742.5679012345679,742.0,18.774120795514403,17.44276354251241,17.442476888332113,1.0763271972217672,80.80069162731928
190,743.2469135802469,742.0,17.49675868691362,18.287974190707946,18.28359920803341,0.9567357491024708,80.72687407604272
191,739.9024390243902,742.0,18.91483464534956,16.97638155980825,16.97234093025913,1.1141852920018374,81.09177215189874
192,767.506329113924,766.0,24.18487518657928,18.33030277982336,18.330015837550857,1.3193931097090332,78.17525110088566
193,770.6410256410256,766.0,35.44188973045892,23.253822475891134,23.253006486825242,1.5241317752040124,77.85726168690734
194,752.05,750.0,29.389581487323017,19.713453608248276,19.710913448059628,1.4908387982827203,79.7819293929925
195,759.7848101265823,765.0,20.735019534365776,17.650815336728275,17.603255070756873,1.174734375653447,78.9697282708295
196,756.9375,757.5,33.491545108429975,20.985830059617353,20.983631010608264,1.5959123376719389,79.26678226405747
197,736.280487804878,738.5,29.031217172102068,17.137785846010086,17.12753740976525,1.6939887937076152,81.49068322981367
198,757.025,758.0,29.566017232627054,21.706616852698936,21.701002378832978,1.3620739442383858,79.2576202899508
199,758.0125,758.0,25.990620303294033,19.5901034172547,19.578174559531345,1.326721954943936,79.15436750713214
200,756.25,750.0,32.690403790715095,22.32555441073828,22.32463573452831,1.464259439621865,79.33884297520662
201,750.1875,750.0,34.82854208476146,24.53078665006253,24.52090527908414,1.419789042300145,79.98000499875032
202,765.7341772151899,766.0,58.034190895804,30.14962686336267,30.13626733372919,1.9248726081690317,78.35617344155521
203,766.1139240506329,766.0,46.48805136854916,24.753140178933837,24.752290220046504,1.8780668243503433,78.31733390611834
204,763.746835443038,758.0,33.685240111627294,20.679793184503712,20.673747752980013,1.628896372951599,78.56006364359587
205,754.5875,750.0,22.74241288320129,19.168803770050012,19.16853628235133,1.1864283841610819,79.51364155913
206,694.5057471264367,696.0,44.31207862195277,19.513263229415656,19.41049823833652,2.2708697208139768,86.39237363874086
207,740.4756097560976,750.0,52.750500080800556,33.80755266628968,33.757470792759875,1.5603170274256304,81.0290024539271
208,753.2125,758.0,31.028895303410337,19.930893264706274,19.93063600496105,1.556824116777368,79.65879482881657
209,745.9506172839506,750.0,24.5854022906236,17.563100523540825,17.56209963956474,1.3998326922783584,80.43427890503459
210,742.8641975308642,750.0,41.49126133977997,20.06800936814611,20.06800936814611,2.0675324880821973,80.76846373728644
211,743.7283950617284,742.0,21.61961406313693,19.54993606127652,19.547634127944995,1.1058662286860323,80.67461239666677
212,741.6172839506173,742.0,15.770395691846058,14.799070916783931,14.787404902483736,1.0656341726128582,80.90426328844201
213,738.560975609756,735.0,17.837407637975524,16.253394707142654,16.235361197347977,1.0974573594854473,81.23906079719957
214,760.6835443037975,765.0,18.450442898047548,15.119608596209233,15.107596784560585,1.2202989766992658,78.87642693114121
215,754.8875,750.0,17.933902078187,16.267541651780242,16.267226457682966,1.102434680179497,79.48204202612972
216,743.0493827160494,750.0,23.08593780443668,14.712664612503067,14.712659302451069,1.5691201024740185,80.74833435791781
217,752.25,758.0,34.67798292865373,20.55157143888503,20.54782486965222,1.6873640554337626,79.76071784646062
218,752.3375,750.0,19.174816654925284,14.454643159232935,14.454288432638087,1.3265506760488464,79.75144134115341
219,748.6543209876543,750.0,19.81903343423532,13.162921408258882,13.157216413436391,1.5056713338575551,80.1437971009713
220,784.8961038961039,781.0,45.3109271003199,25.75312960031317,25.745703323315688,1.7594338165319099,76.44323841355461
221,789.8947368421053,789.0,31.26776503355981,23.43871441298207,23.438528584837023,1.334022185800491,75.9594882729211
222,765.620253164557,766.0,27.333525479267784,20.06400016357911,20.059805388935008,1.3623168489045658,78.36783281528999
223,767.6075949367089,766.0,18.301565072121242,15.965507693068702,15.965178248372334,1.146319016216861,78.16493791329299
224,750.2875,758.0,42.66796038891477,20.995177264182136,20.986746262031193,2.032274357678632,79.96934508438432
225,759.175,758.0,18.472800951669456,15.557976504397748,15.555010125667351,1.1873524134997748,79.03316099713506
226,751.475,750.0,13.619815527385091,14.879260904470058,14.878916301143269,0.9153556493718984,79.84297548155294
227,750.3875,757.5,39.49382665366829,19.565210664708683,19.552820011173853,2.0185740562919894,79.95868801119421
228,782.2597402597403,781.0,30.233035426522527,21.99342006864302,21.969460671943374,1.3746400210682597,76.70086662018129
229,786.3246753246754,782.0,50.1911777725258,28.08071074224215,28.05790164775952,1.7873898646383835,76.30435859745322
230,795.4342105263158,797.0,33.62969220883447,26.448440407706464,26.447580019519535,1.2715189134190141,75.43049972706069
231,697.8275862068965,703.0,84.70655322075983,25.4028015301737,25.366965994462106,3.334535882593286,85.98112368434057
232,822.2465753424658,820.0,56.174820279883406,33.35311912783504,33.251841938213744,1.6842448847011247,72.97081167532987
233,815.8783783783783,820.0,55.06039747716426,31.085608703918773,31.07894052557384,1.7712504201413026,73.54037267080746
234,672.7333333333333,657.0,49.01151792067747,20.73346098687776,20.660187023902846,2.3638850239087885,89.18838569021901
235,666.6666666666666,625.0,95.32785532046758,21.562034883438223,21.483151943960458,4.421097351701662,90.0
236,813.027027027027,820.0,50.27007410598169,29.88837681261983,29.888175901771294,1.6819272060554342,73.79828468851805
237,786.4285714285714,789.0,41.787473600437195,27.451152789522048,27.446356014027682,1.5222484068642552,76.29427792915531
238,771.1282051282051,773.0,38.11129416501468,24.2414799599643,24.240697217395123,1.5721521222283825,77.80807341890005
239,800.2763157894736,805.0,49.102095218510236,28.78379173539627,28.751644590643274,1.7058939166144658,74.97410433896188
240,818.7162162162163,820.0,50.9187270467493,33.040241134812796,33.03873886956339,1.5411124525086732,73.28546669967814
241,800.5333333333333,805.0,23.487490760449962,15.621796968996254,15.60410619106118,1.503507618685887,74.95003331112592
242,791.2105263157895,789.0,19.12102438174279,18.40833144711021,18.40098548085582,1.0387157813124046,75.83316703252844
243,768.2025316455696,766.0,17.960138525892603,14.412868181967433,14.411585165492674,1.2461182811873153,78.10440284735039
244,781.038961038961,789.0,46.58059390766384,21.330729007701542,21.324868112136123,2.1837319245322435,76.82075157964749
245,800.1066666666667,797.0,50.32840770600856,31.023312942784592,31.01883602681972,1.622277021117242,74.99000133315558
246,790.6052631578947,796.0,21.17662499038455,17.22827133909068,17.202242747838305,1.2291787477444194,75.89122258096728
247,788.2597402597403,796.0,30.757705231394727,20.21724120905875,20.21724120905875,1.521360155589038,76.11704230921312
248,794.1973684210526,804.0,34.7767389503697,19.414427624836122,19.4133974357916,1.7912832467891646,75.54797130502493
249,793.171052631579,797.0,14.063192119009724,16.840823416131805,16.835750321529744,0.8350655886302215,75.64572585059969
250,775.2435897435897,774.0,26.268429866030466,18.349068414726446,18.34663700034603,1.4315947421585808,77.39502885776183
251,782.3636363636364,789.0,41.921357756250075,22.263375636610952,22.26312678858098,1.8829740125892052,76.69068092028817
252,782.5714285714286,781.0,16.47542725254762,15.322412205311332,15.316982002768373,1.0752502303022895,76.67031763417306
253,785.0,782.0,21.77034799786287,18.177849447234284,18.167326878987392,1.1976305591624963,76.43312101910828
254,764.5443037974684,774.0,33.3272221071013,18.9864999272425,18.984006556334897,1.7553115231776986,78.47812049868375
255,789.7763157894736,789.0,19.377549872421223,19.290412126235147,19.29003888020965,1.0045171531647874,75.97087783016511
256,774.4358974358975,774.0,16.061252740033204,17.48468717805056,17.480345804891655,0.9185896537054282,77.47574744230705
257,796.9868421052631,801.0,39.03827184923878,27.304944607158607,27.26034482540527,1.4297143763113154,75.28355153456275
258,798.4078947368421,797.0,39.01928593036058,23.71890947465053,23.679887387119617,1.6450708230098965,75.14955750753968
259,785.1038961038961,782.0,21.536790880810237,20.764975572495043,20.75536842745888,1.0371690930057018,76.42300630241675
260,792.7631578947369,797.0,26.916473346189356,17.36509909751933,17.35770594161439,1.5500328097773122,75.68464730290457
261,766.4177215189874,774.0,45.32348082170948,18.12987335014527,18.120278976623514,2.499933670046642,78.28628998959486
262,817.0405405405405,820.0,43.12660155715933,21.096321824444846,21.078662241150997,2.044271125366861,73.43576851193332
263,803.1333333333333,805.0,22.280833816434146,20.25913207500342,20.257978255005547,1.0997921201138319,74.70739603220719
264,797.2763157894736,797.0,21.71926060351583,21.335729032150116,21.319186976367867,1.0179760237293876,75.25621771491757
265,783.3896103896104,797.0,45.472742183272665,22.544984271218148,22.541294054981186,2.0169782172491924,76.59024220420748
266,782.4675324675325,782.0,15.190209095099448,18.467966576580224,18.46796188926895,0.8225166009539243,76.6804979253112
267,782.974025974026,781.0,18.387583350018318,15.503819563340887,15.494883437521635,1.1860034409518123,76.63089452470601
268,781.3506493506494,789.0,27.37890278590729,20.70087717439707,20.700609543128525,1.3225962627211578,76.79010704075526
269,755.3625,781.0,54.28771586418055,17.717901981693867,17.716744383928283,3.06400362301759,79.43206076552649
270,772.1410256410256,773.0,18.90646637378154,19.749732860267958,19.74945957872122,0.9573023851789468,77.7060122536404
271,771.1282051282051,774.0,27.560357527340706,19.602544229250963,19.59565972988969,1.4059581860917358,77.80807341890005
272,767.3164556962025,781.0,57.575606715897784,21.039949790327142,20.970742118093092,2.736489739265797,78.19459566465406
273,781.038961038961,781.0,23.69308165691157,16.38436353420702,16.364041553225128,1.4460788548450798,76.82075157964749
274,772.0384615384615,773.0,27.032479186461412,19.608837127848595,19.602294708384868,1.3785865531041468,77.71633537587805
275,778.4487179487179,789.0,42.40544456936603,19.248207877449435,19.231358969641065,2.2030853386120612,77.07636818788188
276,783.077922077922,782.0,21.98273598523454,19.850096115371173,19.840866218468612,1.1074372565990716,76.62072739937311
277,776.4358974358975,781.0,33.263358505514795,21.82664879001349,21.825779444012404,1.5239791882633869,77.27617978270202
278,783.1818181818181,789.0,25.404635671021374,22.481571400406576,22.472698117155847,1.130020460694395,76.61056297156124
279,773.4358974358975,781.0,61.34634541673595,23.801396881412096,23.80122326780041,2.5774262629368994,77.57591831322105
280,788.0519480519481,782.0,29.583645931404465,19.992103704370777,19.98766932905776,1.4797665302694851,76.13711272247858
281,805.72,804.0,28.189151577631186,23.855703607200407,23.847247177708194,1.1816524903974246,74.46755696768108
282,779.5324675324675,782.0,42.39749576517505,27.483248486458457,27.481582223297202,1.5426668279794196,76.96921231507397
283,819.6756756756756,813.0,31.85911049983599,23.767711492464752,23.761394438055046,1.3404366049266674,73.19968346082828
284,800.7333333333333,812.0,43.12720203717783,24.416708944402718,24.411020424973202,1.7662987315522023,74.93131296311714
285,806.56,812.0,20.03146857655058,18.60615997967311,18.598306511970957,1.0766041245713567,74.39000198373338
286,790.6052631578947,797.0,34.051848604030305,24.13627974647294,24.132508273189416,1.410815956796587,75.89122258096728
287,835.1805555555555,836.0,35.715436434283674,20.665682242191068,20.58188440068205,1.7282486015083993,71.84075299752216
288,799.5394736842105,800.5,28.80307037246006,22.25997903562954,22.251156274574935,1.2939396899861217,75.04319921007159
289,828.013698630137,828.0,23.64259746912886,20.119089884430103,20.114180244632898,1.1751325534573784,72.4625692778559
290,759.493670886076,750.0,51.47197182926791,26.41653522575081,26.404184639360253,1.9484755055649041,79.0
291,796.578947368421,797.0,48.028846364476564,28.24063266524554,28.240478434725965,1.700700084654388,75.32210109018831
292,794.6052631578947,797.0,28.865422288234694,23.472821162641132,23.470817814658457,1.229738091055553,75.50919026328863
293,789.974025974026,797.0,23.698854170325163,22.79629471277249,22.784804888236675,1.0395923753805034,75.95186427303216
294,794.5,800.5,38.78805431952906,28.68681462507354,28.68364148585198,1.352121343079569,75.51919446192574
295,738.3780487804878,735.0,65.44680212499205,24.8893849156921,24.887621219921414,2.6295066088085433,81.25918707780733
296,747.7901234567901,750.0,69.34806041051768,23.792330697096492,23.782753730382023,2.9147232901810916,80.23641676709977
297,673.4333333333333,672.0,49.66958604395428,35.12401783984121,35.123067131396375,1.4141202828912705,89.09567885957532
298,713.0588235294117,711.0,35.63189349318998,21.563030531775578,21.55576996585512,1.6524529537108585,84.14453060551065
299,725.2409638554217,719.0,46.39733850942023,21.200552224745145,21.17459501673045,2.1884966965749864,82.73112384749564
300,694.9540229885057,696.0,44.65935127416605,23.606266412829633,23.585076085386888,1.8918430595146718,86.33664676402971
301,720.047619047619,719.0,33.15831604443287,21.228816514408184,21.221262791925458,1.5619484026313022,83.32782223397923
302,643.031914893617,641.0,24.074994588125847,24.125344724262824,24.113262245442243,0.997912977546541,93.30796591943088
303,594.3663366336634,594.0,14.75524593557664,14.87850798971456,14.875278148659943,0.9917154291127087,100.9478436141327
304,594.059405940594,594.0,13.889822317205107,19.508459703420975,19.50829567132916,0.7119896972065616,101.0
305,616.6224489795918,609.0,23.817124394239165,19.67781732930156,19.66994099654406,1.210353973495521,97.30427443776995
306,623.7938144329897,625.0,18.181750306639554,16.515144564913744,16.511780306462683,1.1009137846281103,96.1856283466649
307,619.4432989690722,618.0,18.501027595960547,15.830153189404074,15.82998525456427,1.1687206923773943,96.86116566255033
308,619.5257731958762,617.0,17.247197760440248,20.925214057049292,20.925087012795323,0.824230409945556,96.84827104203416
309,623.5463917525773,625.0,19.0458051330501,18.79383764251818,18.793098615064935,1.0134069206792486,96.22379472257127
310,613.765306122449,610.0,15.629512259751344,20.329502202312145,20.32811936772256,0.7688093935705786,97.757236196778
311,619.5257731958762,617.0,19.09341808301724,24.66251372697709,24.661877966334778,0.7741878339891974,96.84827104203416
312,619.0309278350516,617.0,14.53361096192995,22.002840725688127,22.002840725688127,0.6605333894437587,96.92569030410019
313,620.2474226804123,625.0,16.04248928407274,21.943820314612495,21.943699167636304,0.7310709372419519,96.7355893890034
314,619.7731958762887,618.0,19.867865135542537,28.443291534794866,28.433943611563194,0.6985079455814053,96.80960777138294
315,605.31,602.0,17.81330682383257,24.4577557879258,24.457622293180798,0.7283295727658939,99.12276354264758
316,597.9306930693069,594.0,16.57581288465159,20.73909351924524,20.73781811088139,0.7992544548424813,100.34607805798878
317,594.2970297029703,594.0,14.601332201837772,20.012246250733575,20.010924516373553,0.7296198547078413,100.95961615353858
318,597.3762376237623,594.0,13.532397126272155,21.463923220138483,21.46377413224431,0.6304717449592538,100.43921438634293
319,592.7450980392157,594.0,17.01883977665133,22.04563224292057,22.045131987107432,0.7719823858586105,101.22394971882237
320,652.9347826086956,656.0,34.70709874382488,17.40594820649059,17.395830005548298,1.9939792036657205,91.89279174296654
321,692.1724137931035,672.0,44.537006928257156,19.242334626039145,19.24233111273799,2.3145323992021587,86.68360484232551
322,714.75,711.0,36.27962664531996,18.450193455739615,18.44918637401824,1.9663548099022148,83.94543546694648
323,685.7272727272727,680.0,58.630531774821435,22.608359759931343,22.603915142867823,2.593312049055941,87.49834283441601
324,689.8181818181819,688.0,57.08139034717832,24.351827328824292,24.349049377242086,2.3440290363595566,86.97944122298365
325,736.8414634146342,742.0,38.334048265152,19.613865088342575,19.598437831421634,1.954436216038607,81.42864235944457
326,683.6931818181819,687.0,36.30688575893554,20.927625695271292,20.927370013826405,1.7348783988973615,87.75866367489404
327,671.7,675.5,41.18533989446029,20.88249629918304,20.88181616098173,1.97224217375159,89.32559178204555
328,664.8461538461538,679.0,46.31234688739159,21.707909464831783,21.701627065359652,2.133431916252488,90.24644220756682
329,607.7878787878788,602.0,22.30698252202285,18.33419911375616,18.328189552659513,1.2166870439017927,98.7186518422496
330,585.8640776699029,586.0,14.72864492853503,19.955342299106515,19.95472576493373,0.7380802948789554,102.41283309028238
331,589.4607843137255,586.0,16.97441648691131,18.67809645356595,18.67809645356595,0.9087872808190055,101.78794178794178
332,599.1683168316831,594.0,24.452447004209557,18.981306593593605,18.977299597150274,1.2882383456396262,100.13880626611144
333,636.1894736842105,633.0,13.891530730584773,19.56386160375972,19.563676488703244,0.7100607749093433,94.31152586121314
334,642.7872340425532,641.0,36.19917488786513,16.889902818083385,16.88968375976631,2.1432435270798615,93.34348416139817
335,687.4090909090909,683.5,34.042966288486205,19.816978671789524,19.81612528999516,1.7178686444744524,87.28426899424717
336,634.4526315789474,640.0,19.668713291633406,21.702779506272286,21.69701911087955,0.9062762346154317,94.56970782937634
337,619.6907216494845,618.0,15.918841086620523,19.857828011475306,19.857653156626764,0.8016405962133145,96.82249209782066
338,593.7549019607843,594.0,17.69537231767042,19.94249157695772,19.941862368348772,0.8873200346799341,101.05179730198306
339,590.0980392156863,593.0,17.141573019040276,24.135139330342582,24.13318760637934,0.710233025151422,101.67801960458547
340,602.75,602.0,17.60589389948718,26.121704277160674,26.120579335652558,0.6739948401789683,99.54375777685608
341,604.53,602.0,18.220568048225058,22.72808079371544,22.724489167362144,0.801676490575625,99.25065753560618
342,613.8367346938776,609.5,23.65426737077223,25.242534876876157,25.24243172181563,0.9370797143055991,97.74586076201875
343,585.7766990291262,585.0,26.369639809195313,24.21148649776326,24.20569770972866,1.089137579868606,102.42810972072594
344,568.9811320754717,570.0,18.22965712015465,21.268801206506794,21.26757296599557,0.8571078803716321,105.4516514126542
345,578.5096153846154,578.0,17.29105771128961,24.100517659509116,24.09939123571267,0.7174558636281922,103.71478434305659
346,576.6285714285714,578.0,16.33416352186985,21.845392050639738,21.844272586252103,0.7477166573163656,104.05311663858885
347,572.9904761904762,571.0,23.995831081607744,21.078835539286978,21.073990443787622,1.138385042042955,104.71378232830263
348,647.763440860215,649.0,34.944625273027455,19.425442751375233,19.406932189638642,1.7989101056939119,92.6264068258026
349,619.9381443298969,610.0,37.496340559038224,18.179372468084075,18.14890365815675,2.06257617664566,96.78384940299998
350,584.0485436893204,586.0,14.585122517484484,20.371789413833255,20.37054142856888,0.7159470491865877,102.73118672806157
351,584.4077669902913,578.0,21.032770036350826,21.08549357296827,21.08202659717656,0.9974995350981474,102.6680400039871
352,580.0,578.0,18.607794065928395,17.154070535075054,17.151430041120836,1.084745106293046,103.44827586206897
353,585.8834951456311,586.0,22.501909722999407,18.1510546336494,18.147027044177214,1.2397026055601286,102.4094389023299
354,628.4270833333334,617.0,57.82818387107094,22.91839068475244,22.9087942324688,2.523221838152184,95.47647068573986
355,670.7444444444444,657.0,49.970782821589545,27.40089394096559,27.376915791276524,1.823691698863917,89.45284675402124
356,607.8787878787879,594.0,43.80311153729771,16.97386947333928,16.955674506170013,2.580620264937167,98.70388833499501
357,645.5806451612904,640.0,31.908242970684547,15.422315847075515,15.42010937564646,2.0689657303792806,92.93958926697645
358,618.8762886597938,610.0,29.40939527694935,13.45826883369477,13.43850125468693,2.1852286977147144,96.949909213573
359,628.8229166666666,625.0,35.91134767024284,13.537472359888195,13.52880992774094,2.6527365460518975,95.41636987095599
360,620.7319587628866,625.0,21.142869658595576,12.871965661856,12.870886613680591,1.642551744932716,96.6600787231569
361,611.5050505050505,609.0,26.53732790753803,14.88904541833988,14.88904192169885,1.7823391064984024,98.11856819570856
362,666.7555555555556,672.0,27.460804840156012,14.45450048495841,14.428585088920663,1.8998100189440772,89.98800159978668
363,694.6896551724138,695.0,28.38297625796851,17.812329150547434,17.812329150547434,1.5934455296710146,86.3695026307952
364,687.5,687.0,18.902260567071192,14.98888477061141,14.988602707534913,1.2610851878808693,87.27272727272727
365,693.7816091954023,695.0,23.85657589643669,17.72004514666935,17.71906844886353,1.3463044647445925,86.48254609917328
366,590.0784313725491,566.5,63.193088210178566,19.446550255294206,19.416581241181024,3.2495783252340416,101.6813982853725
367,620.8144329896908,602.0,66.92622956703853,26.66946599890344,26.654063997900334,2.5094701772352814,96.64723758282268
368,685.375,680.0,46.60845429065028,20.45825578794677,20.44543602229834,2.278222287068589,87.54331570308226
369,718.0,714.5,33.67208820090497,23.061990843956796,23.06178942567137,1.460068579019858,83.56545961002786
370,716.8928571428571,719.0,28.220229934410888,18.409334981411778,18.408447889333182,1.5329304378949777,83.69451502017635
371,728.3493975903615,727.0,26.50911811076703,16.928472191302657,16.928467798672976,1.5659486462332155,82.37804575455311
372,714.3809523809524,711.0,29.21305349207894,16.210215431552705,16.209069178900833,1.8021385104615326,83.98880149313425
373,682.7045454545455,680.0,26.442114777080473,16.752423053424824,16.74407706600094,1.5784053860599414,87.88574852691501
374,684.2954545454545,687.0,19.2944640499602,17.4128371195427,17.40919100069611,1.1080597560006875,87.68142415888937
375,709.2,710.0,16.517940335924955,13.89073003669645,13.890403545527263,1.1891340694324888,84.60236886632825
376,700.9418604651163,703.0,26.542355204361264,15.634426568238666,15.62769257077017,1.6976865181791863,85.59911083094175
377,694.4022988505748,695.0,25.708113916661944,14.682294352105208,14.682068731587117,1.750960258672093,86.40524390445765
378,703.0348837209302,703.0,27.400750148625665,17.382208618889265,17.380281552702506,1.5763675807485844,85.34427151386845
379,693.9655172413793,695.0,17.96449133347205,12.652327665249475,12.651894857410243,1.419856631030258,86.45962732919254
380,707.9058823529411,704.0,26.007068509479254,21.506920259479717,21.50354608735652,1.2092418717187545,84.75702984776973
381,701.1279069767442,703.0,17.810237787235135,16.23213950596706,16.231048038103545,1.0972205962552228,85.57639683566347
382,705.3023255813954,703.0,14.93557464379956,13.546434304013037,13.545126423440633,1.102546567503376,85.06990240042205
383,702.4069767441861,703.0,18.19748123829405,12.206555615733702,12.203556121349235,1.4907957503456841,85.42056384193884
384,711.8470588235294,711.0,12.653300785219866,11.895377253370318,11.895377253370318,1.063715804526906,84.28776835738013
385,706.1647058823529,703.0,21.180927635534054,13.612844074972864,13.611511401397918,1.5559516820202963,84.96601359456218
386,707.4470588235295,718.0,28.31856837622433,16.99159456067281,16.97114731742793,1.6666221804613852,84.8120000665192
387,704.4883720930233,719.0,38.56126028833001,14.14463107455596,14.108398931672756,2.7262118103381185,85.16819067111214
388,714.75,718.5,24.06483059214362,14.141283662187737,14.136663699767126,1.7017430077080182,83.94543546694648
389,709.7411764705882,711.0,18.486976618643457,13.108521401490457,13.108175427516553,1.4103022036140143,84.53785970030499
390,694.9540229885057,703.0,26.85889396391796,15.486303025426981,15.47665682361379,1.7343644845266368,86.33664676402971
391,716.047619047619,719.0,25.385084091471228,14.341783256901905,14.310960832241014,1.7700089059186412,83.79330983573851
392,705.5813953488372,711.0,19.4442943842021,14.132565646927166,14.121744503426948,1.3758502787092914,85.03625576796308
393,697.8275862068965,703.0,15.526919076645031,14.433488192233673,14.430790049759883,1.0757565232914181,85.98112368434057
394,714.75,718.5,23.542198687625145,17.25325183248598,17.24920870779713,1.3645079151570587,83.94543546694648
395,704.1279069767442,703.0,15.358352406508631,14.887420667047971,14.887192888880248,1.0316328630723135,85.21179093386178
396,706.8941176470588,711.0,23.456605004541903,16.272969114747433,16.266000320912,1.4414459241666153,84.87834104450287
397,719.952380952381,719.0,11.913282664944841,13.108904359021615,13.107658552557732,0.9087931636899966,83.33884516171705
398,710.3882352941176,711.0,16.85236525039948,14.78818704880609,14.787880371969866,1.1395829113319227,84.46085818856301
399,719.1190476190476,719.0,19.772157409265688,14.12082116455859,14.119505291280186,1.400213003114239,83.43542032248452
400,708.8235294117648,711.0,13.574349921029247,12.961940624841048,12.96071051319343,1.0472467290132883,84.64730290456431
401,703.2209302325581,704.0,33.42586422420021,13.861924151302755,13.854328642894563,2.4113437542549834,85.32169254427303
402,734.0853658536586,734.0,13.913672184101468,13.56147411776882,13.55607275992787,1.025970485455647,81.73436331921256
403,723.2650602409639,726.0,10.733445462776391,10.743120317037386,10.741348219404014,0.999099437223499,82.957138811614
404,715.0357142857143,714.5,10.71652754324058,12.855545894319846,12.852558934193487,0.8336112391754302,83.91189251286148
405,682.1704545454545,703.0,56.79913203380302,17.103807467492654,17.09527366134711,3.3208472523883907,87.95455681231364
406,647.8494623655914,641.0,35.02869675687553,16.047145215433723,16.04154504082404,2.1828615798395004,92.61410788381743
407,636.6,633.0,29.920737395923076,17.90370222025292,17.894138808897367,1.671203923514563,94.25070688030159
408,627.03125,617.0,23.869197866095824,12.076946285338334,12.059299465603631,1.97642659842526,95.68901071517568
409,648.7741935483871,656.0,26.73048641382211,16.85778107013778,16.857777565896626,1.585646788424192,92.48210023866349
410,619.5979381443299,618.0,22.159989855320926,15.09000773138746,15.08793668244049,1.4685207754551237,96.83699106504052
411,675.561797752809,672.0,69.3264472867123,19.471132478620753,19.364593312888182,3.560473298758176,88.81496881496882
412,782.1688311688312,781.0,27.868616896515384,22.99885580677988,22.998614916743193,1.2117392765382675,76.70978132731167
413,720.4285714285714,734.0,45.24385928190796,18.186119425513407,18.14536230885967,2.4878237200199567,83.28375966686495
414,721.2619047619048,719.0,38.84036898690007,23.151153397065507,23.113188450124362,1.6776861316906666,83.18753507410952
415,742.8518518518518,742.0,48.7774262480654,27.59234495290315,27.590847100986224,1.7677883605515465,80.76980605274966
416,749.2345679012345,758.0,58.06324172510613,24.33027948873584,24.32955699863851,2.3864601206898426,80.08172950171368
417,777.3461538461538,781.0,24.092677323031488,21.30758050584315,21.30757654803757,1.1307092007196493,77.18569096036812
418,770.3333333333334,773.0,20.348040078659544,18.888944062392895,18.8879395045697,1.0772460340528853,77.88836001730851
419,761.8607594936709,773.0,29.93314668238616,17.693255270053672,17.692066144765086,1.6917828983708183,78.75454832438899
420,768.493670886076,773.0,25.26110404681149,19.011130343119447,18.998049140304104,1.3287533981878172,78.07481346049316
421,782.7792207792207,789.0,31.96898796647475,20.88565360039732,20.88538833690625,1.5306673460229459,76.64996515910676
422,801.24,805.0,17.46450877255546,18.171480476359175,18.168822178187167,0.9610944356061977,74.8839299086416
423,780.7402597402597,781.0,24.13458078241519,19.31252661384642,19.307936163452755,1.2496853086592783,76.85014222266581
424,770.4358974358975,781.0,32.413430954557874,19.247195781581937,19.229797813990196,1.6840599182544294,77.8779911472027
425,766.8101265822785,774.0,33.067662106643816,19.856213908226078,19.84991765144709,1.6653558558283093,78.24622800356565
426,769.9358974358975,774.0,24.683296409323173,20.00584330223963,20.00557351923112,1.233804345881281,77.92856548164183
427,788.3506493506494,789.0,20.432827059813967,20.463060428617787,20.461977440502256,0.9985225392404384,76.10826483040377
428,791.1184210526316,797.0,36.90669854520891,26.61803899613944,26.601199638779867,1.3865295843379633,75.84199584199584
429,804.1733333333333,805.0,36.91806182465283,25.8396824514,25.828991050185497,1.428735120645904,74.61078042876329
430,817.9864864864865,820.0,28.413687814551462,23.71260574531776,23.711715446750365,1.1982524451224417,73.35084502155921
431,802.92,805.0,31.032353009936795,21.117112312824226,21.11690044242066,1.4695358224282937,74.72724555372889
432,811.2297297297297,813.0,37.962836484923095,28.815188156476623,28.8134656079024,1.3174592606777897,73.96178641035465
433,780.6363636363636,781.0,62.64741764371625,29.431231174061555,29.40896030095895,2.128603362639104,76.86037032723885
434,751.175,750.0,46.06565287717086,19.381904649649407,19.236816768163475,2.3767350892423327,79.87486271507971
435,757.9,758.0,64.39693315678937,32.61105660137721,32.577409568048786,1.9746963106393127,79.16611690196596
436,776.0512820512821,773.5,27.748364440549917,17.56250433285522,17.55758662331135,1.5799776566397428,77.3144782924734
437,773.2307692307693,777.5,35.82647748735387,23.05555120916526,23.05180537727934,1.5539197984176494,77.59649820931158
438,782.6753246753246,796.0,64.87339149139564,30.463092423455635,30.445798986071576,2.1295734060618594,76.66014004579696
439,811.6486486486486,812.5,22.524720613459117,18.364274430057556,18.361571479235906,1.2265510787941607,73.92361226732376
440,812.918918918919,820.0,35.16169474313834,23.740895875815248,23.720965007709506,1.4810601473113496,73.80809894274886
441,801.4666666666667,812.0,38.59510619524478,22.061033275646658,22.044600020543385,1.7494695607866297,74.86275162202628
442,802.92,805.0,22.922920116483123,18.506755523321747,18.50564539848089,1.2386244627047802,74.72724555372889
443,800.8266666666667,805.0,39.50438737940663,21.54034555169639,21.53810305310961,1.8339718499221336,74.92258000066597
444,786.5324675324675,804.0,44.41234893660914,22.91661084522707,22.86484361213088,1.937998128805293,76.28419992404604
445,780.4285714285714,805.0,75.74726064592555,25.03208467463097,25.03009269192196,3.026006887979746,76.88083470620538
446,813.3513513513514,813.0,47.94209131645668,27.15531179905894,27.14159476265325,1.7654774753173006,73.76885757958397
447,793.6842105263158,797.0,63.19002472207723,32.77051520294832,32.7690802773319,1.9282585070982379,75.59681697612731
448,799.2368421052631,797.0,45.21028889098861,29.09135037544092,29.090662877745956,1.5540801065445,75.0716143689704
449,817.4594594594595,813.0,31.855327183660915,20.8395698427985,20.839205152380423,1.5285981152182522,73.39813529061693
450,808.3333333333334,812.0,21.20335403237474,21.520260723830035,21.51801613210439,0.9852740310388353,74.22680412371133
451,794.7236842105264,797.0,35.26016041855712,25.11652842253483,25.102477965332426,1.4038628199477325,75.49793870759449
452,822.4520547945206,821.0,24.405277385659236,22.610223842815493,22.610223842815493,1.0793912327150237,72.95258082246539
453,817.6756756756756,820.0,21.95702689229277,21.3393969693077,21.33827134474546,1.0289431760360146,73.37872677992993
454,824.8082191780821,828.0,28.733378773349695,23.826922214634063,23.82666314327732,1.2059207024104093,72.74418295660261
455,797.3815789473684,813.0,56.43812800088046,26.18880167807098,26.187006107779652,2.155048126854103,75.24628306463589
456,830.4794520547945,828.0,15.926293920932151,20.98610651518444,20.98581237378373,0.758897030728817,72.24742268041237
457,801.04,805.0,42.581510854673375,22.423744654368598,22.422828455363103,1.8989473663301655,74.90262658543894
458,805.9466666666667,813.0,36.816986417805694,23.129774890527717,23.109866378500335,1.5917572303258027,74.44661350627005
459,829.082191780822,828.0,22.762474180381517,23.990738953928776,23.989709728121056,0.9488025451860408,72.3691819638815
460,794.7236842105264,820.0,100.2497668568244,30.38903310955012,30.36739186839872,3.298879779933495,75.49793870759449
461,838.3194444444445,836.0,15.504324118065409,21.72620926471262,21.725917083529815,0.7136230683024534,71.57176228897099
462,810.8108108108108,820.0,34.527574438988374,23.4298720463768,23.4298720463768,1.4736561245680266,74.0
463,801.04,813.0,41.317128006029975,23.950399195454377,23.9357400006582,1.7251122901480358,74.90262658543894
464,831.4383561643835,828.0,46.331440344771195,29.93557898035194,29.932279532716706,1.5477048356131875,72.16409918444683
465,792.7631578947369,820.0,88.9425995295861,33.19457787048963,33.19457519267602,2.6794315588708577,75.68464730290457
466,831.3424657534247,836.0,28.522627008294776,24.26817760863894,24.267923247889016,1.1753098015131282,72.17242288426048
467,833.1506849315068,829.0,60.8284520740307,27.14109225674031,27.14018250072832,2.2411939614893117,72.01578428148636
468,848.2676056338029,852.0,22.415385653281106,20.242811775329745,20.242489158869244,1.1073256967492586,70.73239576933933
469,837.5555555555555,836.0,19.20712316425637,20.1358065203595,20.12831285471552,0.9538790087616243,71.63703900238791
470,791.1184210526316,804.5,43.74596736460196,23.657275131905337,23.62334062367603,1.8491549479256826,75.84199584199584
471,845.9577464788732,859.0,42.192862562993646,26.439688781397237,26.3550173358985,1.5958154013023111,70.92552819539483
472,850.6760563380282,844.0,35.700938815875055,29.856801091687156,29.815418556067087,1.195738910750725,70.5321368257227
473,800.2133333333334,813.0,61.29193385393837,29.70053234576144,29.69123121568041,2.0636644872355405,74.98000533191149
474,784.9090909090909,789.0,65.4006993525064,29.270966394777787,29.217815591218272,2.234319785361596,76.44197359277277
475,826.1917808219179,828.0,25.491152122936708,21.5902498570278,21.589106192078436,1.1806788847623795,72.62236370871467
476,850.4647887323944,851.0,19.74544410702213,21.504816736190588,21.504513052674618,0.9181870438259724,70.5496580163291
477,828.8767123287671,843.0,46.6320323810333,24.073094709423817,24.049328004523034,1.9371016873363776,72.38712236398493
478,838.3194444444445,843.0,26.55906749790031,22.030069079827502,22.002659845341146,1.2055825790496464,71.57176228897099
479,823.2054794520548,828.0,32.56351387256955,20.643131760682266,20.64044034844649,1.5774502749912842,72.88581222751024
480,833.7638888888889,836.0,31.846198558922556,26.49634574857765,26.494189457032313,1.201909080637359,71.9628192100748
481,805.52,797.0,84.69905312339684,35.77501015165965,35.7351086640922,2.3675479829169954,74.48604628066343
482,825.4520547945206,820.0,38.52735768643325,23.188838311183726,23.152057077365292,1.6614613103689597,72.68744399083938
483,793.6842105263158,804.0,45.836439918221515,19.24543235852774,19.23840603237874,2.3816788869339782,75.59681697612731
484,806.9866666666667,828.0,59.92851148567674,23.548971401189778,23.545244976288224,2.5448462467727544,74.3506708082744
485,803.7466666666667,821.0,100.7517203602775,79.14253306876486,79.1144514026677,1.273041390686055,74.65038735256549
486,825.7671232876712,828.0,21.961685533003916,24.62299061175686,24.61703198781057,0.8919178778599607,72.65971035649707
487,806.4666666666667,813.0,41.17485748474291,24.16665113388752,24.133243471765137,1.7037883013507713,74.39861122592379
488,819.4594594594595,828.0,50.205305305205506,25.359335370055717,25.355546420538957,1.9797563529400652,73.21899736147758
489,802.08,813.0,62.42003097297106,23.150506386382695,23.148234482970786,2.696270653055218,74.80550568521844
490,867.8571428571429,875.0,35.95921726237168,24.174786242179525,24.13718406721032,1.4874678477872534,69.1358024691358
491,852.2253521126761,867.0,46.83750669417322,24.118457662130886,24.1016596938883,1.9419776898799874,70.40391353209493
492,848.5915492957746,859.0,38.65687900985776,26.345777650318087,26.339885949577205,1.4672893517489711,70.70539419087137
493,864.1714285714286,860.0,18.095754378599757,19.440731184436125,19.43761935008348,0.9308165524703551,69.43066851815117
494,849.3661971830986,844.0,25.963809827331794,23.28273425278299,23.28020969117989,1.115152951772764,70.64090871403698
495,854.4225352112676,859.0,20.719224230835316,21.780397477679657,21.777918980059614,0.951278517853872,70.22286693920611
496,859.2714285714286,867.0,38.82558855356364,27.59331992254332,27.547228925357967,1.4070647773646017,69.82659728341285
497,864.3857142857142,883.0,48.3951865543739,27.48411926175192,27.424349363990885,1.7608418189962782,69.41345629431306
498,849.7042253521126,860.0,73.17495807438945,34.42984585667333,34.3835063686658,2.125335047359975,70.61280644466177
499,805.6266666666667,835.0,64.99410708330068,31.683400035946864,31.672320180171916,2.051361501908276,74.47618417132833
500,789.5714285714286,797.0,82.98731378113484,35.77819094599979,35.74448604398274,2.3194944067012226,75.99059164103492
501,827.4794520547945,836.0,77.08545508720258,36.88043745221397,36.87666087492129,2.0901448142279304,72.50935337549251
502,814.3918918918919,813.0,26.208012787286695,23.80341865627766,23.748470830071312,1.1010188563975398,73.6746038330706
503,807.92,813.0,52.17451740712765,30.49811691129692,30.483443398055993,1.7107455374663312,74.2647786909595
504,824.8082191780821,828.0,71.4788324896885,29.15785581203727,29.15610589229071,2.451443376031094,72.74418295660261
505,852.887323943662,859.0,26.660911565713185,23.529313025002907,23.528202790069034,1.13309349649871,70.349269259351
506,858.9285714285714,852.0,32.025133624599746,29.58284853654617,29.58256098284457,1.0825574685627861,69.85446985446985
507,849.5774647887324,851.0,26.65146032086564,24.312254405663705,24.31117992586446,1.0962150969700697,70.62334217506631
508,795.2368421052631,843.5,106.09452940173244,49.41470766212559,49.3709118138741,2.1470233139322947,75.44922068897051
509,888.6617647058823,906.0,64.37770218066412,27.576217311190995,27.477745708933636,2.334537092385703,67.51725165069752
510,901.1194029850747,906.0,30.378960899201523,26.332086660171615,26.318897078607673,1.153686044378358,66.58385093167702
511,911.8181818181819,910.5,29.24914352069501,29.178759397890786,29.17486151430197,1.002412169819986,65.80259222333001
512,897.5074626865671,906.0,47.270063460209045,32.41188521253127,32.397826254326226,1.458417588185621,66.85181181713868
513,901.9253731343283,899.0,26.254388933921252,26.68701874876566,26.680475935471065,0.9837887544158743,66.52435089112844
514,885.4558823529412,894.5,33.65675957958407,26.074806277095515,26.074460268244106,1.2907769753652456,67.7617046719038
515,873.7536231884058,883.0,41.9359089312131,32.75398493942019,32.75208332209901,1.280329981490046,68.66924314551576
516,900.776119402985,906.0,55.85343851452828,33.23675402595473,33.233435015635614,1.6804721204396817,66.60922587486745
517,888.1029411764706,898.5,40.74711816077678,24.15188259403024,24.134148366952665,1.6871197515198455,67.55973572221026
518,885.5588235294117,890.0,31.412053865159496,26.27836065674513,26.274287049252848,1.19535819891781,67.75382775914179
519,901.5970149253732,906.0,20.947026078589072,20.43986004814805,20.43986004814805,1.0248125979946217,66.54857880709189
520,909.6818181818181,914.0,29.621429124214814,24.268688278710712,24.261270180459036,1.2205616053093278,65.95712786688652
521,879.072463768116,883.0,40.820327005407464,25.326979337318164,25.314061050159676,1.6117329453994755,68.2537589026642
522,865.6285714285714,883.0,75.70811834719886,33.87701542215671,33.876817019297405,2.234793041942036,69.31379344489554
523,906.3582089552239,914.0,25.122803753441804,22.103407114302673,22.098416025074368,1.1366032224590996,66.19899219444719
524,902.5223880597015,906.0,26.87303381711817,22.77491975171306,22.77362949078725,1.179939780692174,66.48034530089798
525,882.6911764705883,890.0,24.675694967828743,21.880953347671692,21.880953347671692,1.1277248562140203,67.97394332172667
526,897.9850746268656,899.0,37.90896107086084,26.238417358037154,26.237297420680175,1.4447884014333987,66.8162552979307
527,882.0144927536232,883.0,27.95674337445297,23.178019506318787,23.175551452362622,1.2061748143248998,68.0260931004453
528,852.112676056338,867.0,76.21662036327304,30.753164761649213,30.74997594158674,2.4783342122342837,70.41322314049587
529,867.1857142857143,867.0,29.630241721757784,26.092922023225857,26.091891642688612,1.1355662541505809,69.18933166400342
530,797.8026315789474,797.0,94.65199691179569,34.78697074097332,34.77714703013396,2.7209036859398408,75.20657067933304
531,874.4347826086956,883.0,70.26605304455336,45.78161074441288,45.78036128340136,1.534809542565702,68.61575178997613
532,893.3823529411765,899.0,30.781979741670433,26.11170035678236,26.037269584970115,1.1788577274200758,67.1604938271605
533,823.2054794520548,812.0,88.96620243359304,38.10803356540747,38.10544175518799,2.33457867304788,72.88581222751024
534,854.5211267605633,860.0,57.36388890968853,30.082980475440166,30.079720607690735,1.9068552385133706,70.2147648794317
535,848.4788732394367,844.0,53.28579842906896,32.29462582447515,32.27124833947015,1.649989652107541,70.71478370572025
536,874.2028985507246,875.0,33.61011739935468,25.063742267877483,25.050688233436986,1.3409855974472937,68.63395225464191
537,895.8656716417911,899.0,26.495223744390522,24.317657881639935,24.307228723730145,1.0895466937379141,66.97432650817187
538,896.0,898.0,21.012434129812316,20.933878587764685,20.93097778503549,1.0037525555390172,66.96428571428571
539,897.4925373134329,898.0,35.69538334392143,26.504716561397142,26.502425517495116,1.3467558976242762,66.85292356815006
540,870.8115942028985,899.0,96.13581506409683,30.770497711472995,30.760248805469608,3.124285345188028,68.90124155377293
541,928.2461538461539,922.0,41.926320269741616,28.608892848203684,28.56446587873647,1.4654995735836074,64.63802704852824
542,846.7323943661971,844.0,75.80403901433438,28.808480894149408,28.75308324194759,2.6313098317422594,70.86064073987825
543,905.776119402985,930.0,68.2667771507701,25.15196239105832,24.963191451743143,2.714172997294214,66.24153443076771
544,872.6231884057971,875.0,54.145831386180916,28.53944638566067,28.539203898664557,1.8972278107463882,68.75820032884357
545,914.6515151515151,918.0,49.07276366853565,23.855978125151196,23.8531205704148,2.0570426167853735,65.59875428628224
546,902.6417910447761,906.0,38.82248213574472,27.36288129432412,27.350646267312758,1.4188009558700116,66.47155116821271
547,896.223880597015,891.0,35.12486082004502,25.913024688076234,25.90281689054327,1.3554905783039513,66.94755774643195
548,901.223880597015,906.0,35.568651674696525,25.2127312717567,25.210322816104412,1.41074171184859,66.57613195985559
549,747.9753086419753,742.0,85.59147518827292,23.39791657391743,23.25991388096697,3.6580810482795325,80.21655167860563
550,719.5952380952381,711.0,35.737841438139434,18.909422652747516,18.890605766091774,1.889948841613457,83.38020712702247
551,772.2307692307693,777.5,47.42306132634343,27.14893985158417,27.14236624175482,1.7467739655983745,77.69698177109274
552,767.506329113924,773.0,25.919971000199396,18.864564529079246,18.832316566783067,1.374003145434098,78.17525110088566
553,785.7142857142857,782.0,22.5589312764136,18.801245759397517,18.801241155175614,1.1998636454788034,76.36363636363637
554,802.92,804.0,24.08693144978552,19.321252827154115,19.321021263729417,1.246654741556599,74.72724555372889
555,813.4459459459459,813.0,23.798218132191085,23.07789074191769,23.06890801045632,1.0312128780887684,73.76027909294793
556,818.3108108108108,813.0,24.4019968587396,21.14496604492653,21.13821585748974,1.1540333905901237,73.32177359425316
557,822.5479452054794,820.0,32.26051537006504,22.178881346401983,22.17887699764222,1.4545600774990652,72.94407620824035
558,838.7638888888889,844.0,41.138483286319214,28.745605910380974,28.738303728132646,1.4311224962373386,71.53383782351675
559,900.8805970149253,914.0,54.001802730566645,27.600230565571863,27.49752889807481,1.9565707106058647,66.60150101890356
560,842.4583333333334,859.0,78.49963508407751,22.89965864804939,22.69288151937629,3.4279827612523897,71.22013947277313
561,916.7878787878788,938.0,67.3530983183121,21.950994370327596,21.69326784563555,3.0683392825865377,65.44589145236993
562,860.8142857142857,871.5,87.91120404088643,31.986183611506164,31.816549084260696,2.748411786433401,69.7014454752145
563,897.9701492537314,906.0,43.19963037060419,30.685106445566678,30.639810374706627,1.4078370706400332,66.8173658666312
564,925.2461538461539,937.0,43.96818107160634,28.775260641738765,28.738546461753682,1.5279855018178397,64.84760812091585
565,897.6268656716418,898.0,61.62254768113129,31.14774178302206,31.147505932313255,1.9783953556055343,66.84291914002095
566,928.723076923077,937.0,23.62691274621295,23.088823053590236,23.08848468392848,1.0233052023212175,64.6048337667931
567,910.2727272727273,926.0,54.67993523043354,25.396244422536785,25.38915577110099,2.1530717030707986,65.91431139518626
568,898.5522388059702,921.0,62.765682129621624,27.388340806284926,27.35128416799109,2.2916934827690802,66.7740810258625
569,924.6461538461539,922.0,28.819561075625632,23.316102268603988,23.289695406109868,1.236036827408853,64.88968753119697
570,898.4328358208955,914.0,45.5681296982543,27.45712911784368,27.453111374680226,1.6596101326791937,66.78295539496635
571,901.5820895522388,907.0,55.988044900256824,28.762875904593237,28.75123664845439,1.9465384854410859,66.54968049531503
572,889.9411764705883,914.0,55.19561000045021,22.655103869620277,22.61871234979269,2.436343276910138,67.42018639698591
573,908.7014925373135,914.0,47.51999262694461,31.64433024040225,31.61749117803342,1.501690579826933,66.02828375737069
574,850.6760563380282,867.0,84.60709101036547,30.857043650634175,30.847038689611153,2.7419052832245847,70.5321368257227
575,888.2205882352941,906.0,55.953721841261576,24.73863375370596,24.539274352411628,2.2617951499799154,67.55078726468982
576,859.4857142857143,875.0,80.30775498172066,34.73168373506335,34.689555479989735,2.312233279397452,69.80918821886843
577,908.8059701492538,915.0,29.405674549321283,26.360266242275255,26.359286474999173,1.1155302559942266,66.02069305304647
578,907.4179104477612,907.0,32.83388732434527,28.095076674273972,28.095076674273972,1.16867050070771,66.12168363570571
579,801.88,797.0,62.28364365278148,30.43180235534193,30.427238407508785,2.0466629917451584,74.82416321644136
580,873.072463768116,875.0,39.58235547493782,27.753643110091925,27.747408619925345,1.4262039516010305,68.72281796753096
581,881.4492753623189,883.0,34.66382495259958,27.347975513845302,27.323909324275792,1.267509726087422,68.06971390989806
582,875.4492753623189,883.0,43.41392825052309,33.791532179805394,33.79127298220334,1.2847576138162882,68.53623812204086
583,879.2028985507246,891.0,47.31319628098531,27.83036851650919,27.82638960550773,1.7000564061132988,68.24363306684249
584,879.2898550724638,875.0,44.109580756018865,36.6435533211505,36.64288936247318,1.2037473650394872,68.23688417860262
585,916.7878787878788,922.0,36.69840849968225,31.176421070565986,31.118000270396593,1.1771206328211175,65.44589145236993
586,917.5,914.0,29.699122525554163,32.50680402150152,32.49578944049439,0.9136278825168347,65.39509536784742
587,901.2388059701492,922.0,49.76634646390408,28.58400697147715,28.536256801650957,1.7410556369358552,66.57502939569085
588,844.1805555555555,843.0,57.66843118420089,33.20402147712715,33.19530969275773,1.7367905638757113,71.07484246721837
589,766.2151898734177,750.0,85.1636802134313,37.284766945145925,37.273964840942796,2.284141411926371,78.30698319869158
590,727.5903614457832,719.0,54.44971951526512,22.9128784747792,22.91100907215443,2.3763805833125398,82.46398410332836
591,707.4470588235295,719.0,55.976992307733624,26.30815553434044,26.30815553434044,2.1277429439956745,84.8120000665192
592,732.0853658536586,734.0,52.383483065150244,24.11111111111111,24.007340238083806,2.1725868552366463,81.95765521147406
593,894.4117647058823,899.0,27.61512548784348,24.669456612423364,24.646685827894853,1.1194055029950152,67.08319631700098
594,901.4776119402985,906.0,33.98522866528191,32.331146442757486,32.317496334488226,1.0511606424304498,66.55739333432673
595,882.2463768115942,891.0,44.986441048129755,30.002941032309405,29.999250278982608,1.4994010420406787,68.0082135523614
596,884.8676470588235,890.5,36.8274611460479,32.47157195262692,32.470800152643406,1.1341446973917935,67.80675076033305
597,887.6470588235294,891.0,34.72190557333509,30.464317272272353,30.431302253235916,1.139756563818939,67.5944333996024
598,810.0,804.0,63.8220442584953,33.47528333852597,33.4511734926454,1.9065423170009113,74.07407407407408
599,889.8235294117648,890.0,28.53941607489883,28.665336079266776,28.659118369485743,0.9956072378143502,67.42910028425993
600,889.3529411764706,891.0,27.0009611516736,23.016541747835422,23.016541747835422,1.1731111236210319,67.46477941662808
601,898.4477611940298,906.0,28.885405901462168,32.030288695848405,32.02937127740847,0.9018153465849386,66.78184596983189
602,855.0704225352113,882.0,72.1114794134869,30.314305910859034,30.279948912150576,2.3787936832706933,70.1696590347554
603,900.3134328358209,906.0,31.88608874383651,25.559200442751084,25.525964022973003,1.2475385845991833,66.64345750236237
604,808.64,836.0,94.1455100717324,40.44699567902985,40.44356193477823,2.3276267740336296,74.1986545310645
605,854.8732394366198,859.0,31.690372456117633,28.11862626191299,28.08654264146836,1.12702420669258,70.18584420719651
606,852.6619718309859,860.0,46.109772164581656,28.090415243841246,28.07311518015711,1.641477057719576,70.36786203934655
607,866.2857142857143,883.0,57.14621418710401,29.096540956824644,28.999301065678058,1.9640208872903933,69.26121372031662
608,868.7571428571429,875.0,48.839514363528494,28.796889928692256,28.796711229057838,1.6959996195584455,69.06418035617385
609,887.1764705882352,890.0,31.189148365714424,32.335692584594085,32.335689139998394,0.9645424567332163,67.630287760244
610,866.7428571428571,859.0,43.15476656814425,30.45214825481666,30.451265377927932,1.4171337341140915,69.2246835443038
611,861.1571428571428,867.0,32.79792489702695,26.25515822335362,26.23081109183629,1.2491992856418448,69.67369486239446
612,743.3456790123457,727.0,96.67460510109426,26.66786455642821,26.596475330389175,3.6251348470941265,80.7161482121207
613,662.0,641.0,60.902191447245336,20.113290244125757,20.110340685058915,3.0279576691850454,90.6344410876133
614,651.3763440860215,649.0,27.24635281047727,19.130274208812267,19.12345166521155,1.4242531242927177,92.11264815609627
615,721.0833333333334,734.0,77.87126255394882,29.031764904910208,29.030324867960463,2.6822779396638845,83.20813590662198
616,668.9222222222222,672.0,28.667142545576375,16.03857708951077,15.961250577887052,1.7873868975773846,89.69652675115859
617,665.010989010989,664.0,41.28019893722149,18.858537706949722,18.752185057865777,2.1889395444488238,90.22407297243704
618,745.7530864197531,743.0,24.815134203460225,19.924858845171276,19.923855048659632,1.245435884705105,80.45558388239579
619,750.6875,766.0,64.07448668346863,19.930893264706274,19.88902877947384,3.21483266366852,79.92673382732495
620,832.8356164383562,875.0,81.15316378147737,19.496082227520027,19.257348885843843,4.16253700791866,72.04302843890324
621,896.9104477611941,899.0,38.92615716635549,22.17184947384654,22.17068461275716,1.7556567489902901,66.8963107183865
622,818.527027027027,824.5,68.50788531709973,25.602867990033236,25.600757049230275,2.6757894991986326,73.30240544154795
623,897.0298507462686,899.0,28.400635976300254,20.929897421167787,20.929546428011225,1.3569410018979269,66.88740619956407
624,850.1408450704225,851.0,24.788284246909345,21.135954471671525,21.0866482565124,1.1728017431213258,70.57654075546719
625,855.4084507042254,859.0,30.841063473739545,20.085531395225058,20.08260492088024,1.5354865583029287,70.14193038495735
626,822.4520547945206,828.0,51.406262902887946,21.036014092239263,20.973155792319115,2.4437263959550712,72.95258082246539
627,817.4594594594595,878.5,116.19801240208157,24.722570243646892,24.620283887126075,4.7000781576074875,73.39813529061693
628,876.5942028985507,883.0,51.90803429493963,33.17444977157962,33.17272546133152,1.564699178203371,68.44672232784988
629,920.2121212121212,922.0,37.92397304956451,23.917486361366528,23.84965731087459,1.5856170032492378,65.20235782263642
630,907.179104477612,906.0,16.826529668668375,17.059610283658387,17.059610283658387,0.9863372837295538,66.13908951810599
631,871.2608695652174,883.0,45.75031548918322,21.409178900099615,21.401884436643574,2.1369486285609183,68.86571186186936
632,868.9857142857143,871.0,25.93590608576835,16.619789147409417,16.605824675351066,1.5605436299900994,69.04601423663055
633,861.2714285714286,867.0,33.928884209084586,19.69330056025454,19.672790690488597,1.7228642860181915,69.66444956791455
634,866.8428571428572,871.5,27.052665944299786,19.404168086533232,19.364097809450225,1.3941677800180838,69.21669770431286
635,876.4782608695652,883.0,35.898653115766756,20.51792616512807,20.49699847213689,1.7496238570533271,68.45577657621905
636,868.3,867.0,29.301072627855405,21.00965961412629,21.00701516137736,1.3946476604577738,69.10054128757342
637,852.0,875.0,83.13488107108968,22.736691554778652,22.736687066842222,3.6564194430309245,70.4225352112676
638,833.9861111111111,839.5,50.62758719193068,25.983743563571913,25.94999234599867,1.9484331450572185,71.94364414541943
639,814.8243243243244,816.5,97.62592119620858,24.089729523038457,23.92868776081522,4.0525951569046486,73.63550425394298
640,895.4558823529412,945.5,104.2779704082159,24.570945103588954,24.56833387977255,4.243954392824089,67.00497610484308
641,928.4769230769231,938.0,52.882484432591795,33.23754465961648,33.229430755873246,1.5910466604605682,64.62196152507829
642,853.0,860.0,73.14754527857849,29.12657107963694,28.8486161377149,2.511368230698382,70.33997655334115
643,688.2045454545455,644.5,131.20786415342062,26.330787014967594,26.17351675372451,4.983058959796234,87.18338231894587
644,828.3424657534247,836.0,48.04769866855974,29.797464470805043,29.795599973448727,1.6124760788165688,72.43380905918735
645,827.4794520547945,820.0,47.32982771446118,27.14237154954101,27.13452071635268,1.743761691128333,72.50935337549251
646,830.1643835616438,828.0,48.507876411311514,29.61817197450091,29.61743926022865,1.6377741493659117,72.27484241444176
647,789.4675324675325,781.0,49.3015066326471,28.268217228243415,28.264882212420318,1.744061404176166,76.00059221240684
648,796.7763157894736,796.5,52.67292290616901,28.946156912446945,28.86445257097772,1.8196862217491636,75.3034431508546
649,694.3218390804598,687.0,43.26382424811527,21.386531297296262,21.38172278434572,2.0229472300440228,86.41525676257325
650,670.3111111111111,672.0,25.69982466193731,16.519311137255034,16.517289606728195,1.5557443314920076,89.51067497679352
651,715.5,711.0,40.6745210994139,19.54327912700795,19.53507366041129,2.0812536542653945,83.85744234800839
652,677.5056179775281,672.0,41.32880585206195,16.932352035513123,16.909136730143196,2.440818958014861,88.56015124879764
653,661.9120879120879,625.0,93.21706304584677,17.60807895383379,17.263448863615483,5.2939939268929,90.64647873294152
654,891.5441176470588,890.0,26.863726814034948,21.62192088336666,21.61919561567532,1.242430168852422,67.29896907216495
655,916.1969696969697,922.0,49.970967236734964,26.499927430960145,26.486901976851897,1.8857020407668497,65.48810134118308
656,871.1449275362319,899.0,79.45671966773526,23.088066691029194,22.96175547585315,3.441462671216553,68.87487730622702
657,885.8088235294117,902.0,102.07815018736743,27.148843465100633,26.99238772917094,3.759944703301528,67.73470573586785
658,912.8787878787879,914.0,34.09501658756774,23.17425627385168,23.159360447373345,1.4712453415835545,65.72614107883817
659,890.1617647058823,898.0,41.759680207150296,21.673975039891754,21.671014751834953,1.9267199547055884,67.40347920900035
660,875.7971014492754,883.0,38.534975534240196,19.80567357810264,19.778903339190425,1.945653369590261,68.50901869932153
661,893.1470588235294,891.0,22.726160557877392,17.182948854701383,17.176309795115127,1.322599557855248,67.17818684756479
662,863.9428571428572,867.0,65.8719289258191,25.053565802501844,24.961579382815582,2.629243655178264,69.4490376347642
663,934.8615384615384,945.0,37.63381332426258,29.272694187587174,29.25613834495891,1.2856286163171433,64.18062732449067
664,922.3484848484849,922.0,54.16710743622319,30.237266868754983,30.221728928178216,1.7914022345781386,65.05133470225873
665,924.6461538461539,930.0,40.41036834554327,25.3451178730737,25.34480962643042,1.594404435122974,64.88968753119697
666,908.5820895522388,914.0,35.01392015454704,24.845583718299523,24.831091473491895,1.4092613219128447,66.03696098562628
667,965.1428571428571,961.0,32.48484733106267,23.798210830011516,23.620459746296866,1.3650121668010682,62.166962699822385
668,904.6268656716418,906.0,26.37040166940649,20.692188542217245,20.675401379954447,1.2744133669381694,66.32568883022604
669,909.9090909090909,907.0,16.0044759579533,20.787940290910534,20.77927962029631,0.7698923382491728,65.94065341192926
670,894.5441176470588,902.5,44.11430134372506,21.919118622655198,21.91879340021218,2.0125946714905467,67.07327097272683
671,884.4117647058823,902.5,57.87848205612434,22.619170313511543,22.61656521344277,2.5588242740075517,67.84170269371467
672,930.4153846153846,929.0,22.353036143935146,18.93904696651867,18.93904696651867,1.1802619309964162,64.48732576020636
673,909.439393939394,907.0,22.767686290588028,17.101506906162932,17.050249438561295,1.331326322032075,65.97470969461706
674,896.6865671641791,891.0,40.378141328828676,23.858484292328228,23.855939114561163,1.6924017818605683,66.91301308299211
675,931.8615384615384,929.0,28.106871277638703,24.0351305384431,23.898139964231525,1.1694078895341566,64.3872480229813
676,867.7428571428571,894.5,67.25573490454937,23.382763377933024,23.328354856411504,2.8762954068987634,69.14490797142011
677,882.8088235294117,902.5,53.52329271748702,17.176867471090382,17.170226060069428,3.116010111131711,67.96488480951508
678,943.96875,961.0,56.74365844248589,28.545146642212174,28.544016832803564,1.9878566102222834,63.561426159499455
679,884.6470588235294,933.5,87.43817390622567,24.87221071138715,24.844950245157257,3.515496668987055,67.82365848793138
680,893.2794117647059,941.5,122.95729119689287,32.87311653988371,32.86796255927572,3.7403600308998213,67.16823337668538
681,953.2380952380952,969.0,51.39752149101649,30.698586706987857,30.64820443294484,1.6742634435127588,62.9433509841143
682,972.2741935483871,969.0,26.089900007745374,24.426873134880385,24.42686763386947,1.0680818565553636,61.7109868781208
683,994.6229508196722,992.0,19.928695789810913,18.997806890972093,18.960917406309456,1.0489998084611116,60.324367088607595
684,986.5573770491803,992.0,31.284796805364035,19.84187491140895,19.841426920013145,1.5767056765071872,60.81754735792622
685,955.7301587301587,968.0,57.45176205711073,28.910038439625865,28.903194304418317,1.9872599677475293,62.779226387205
686,857.9285714285714,843.5,94.38406666814228,32.28518752204071,32.27800110256959,2.923447993099232,69.93589209890933
687,971.516129032258,977.0,53.751441671733815,28.362408739530512,28.3205155149499,1.8951649052577462,61.759139356509614
688,919.8636363636364,941.5,71.31298627192163,28.51801050348574,28.372526089271474,2.5006297779154365,65.22705934674111
689,951.171875,957.0,41.7984579139515,24.504939573319977,24.41383364751646,1.7057156084343108,63.08008213552361
690,927.4,953.0,137.13965930337642,32.208791501700276,32.180748685161134,4.257833122864511,64.69700237222342
691,991.4262295081967,1023.0,78.53796388390327,28.922885978638668,28.904421038234883,2.7154262524807655,60.51887494419366
692,968.8709677419355,972.5,37.78055647354301,23.961718102553277,23.945360179372123,1.5767048219099633,61.92775095721658
693,930.2923076923076,922.0,54.77807620879082,30.750762185675985,30.744723727972822,1.7813566986741878,64.4958573814682
694,930.7692307692307,945.0,86.56589650589787,28.303323568090022,28.207409646835263,3.058506408183622,64.46280991735537
695,980.8387096774194,992.0,44.12270045123328,31.021409846305488,30.983112148019934,1.4223305990874588,61.172137078208245
696,904.5074626865671,883.0,111.82160274218349,38.77850857463096,38.72611382056957,2.883597303051969,66.33444440777532
697,1015.2333333333333,1019.5,64.94134960784915,34.01345695805247,33.99275823988038,1.9092840133226943,59.099714351380634
698,1009.7666666666667,1016.0,42.10636003688226,26.499760152416346,26.451822944497497,1.5889336278782449,59.41966791007824
699,991.5409836065573,1000.0,38.020086912954106,25.90977936352733,25.901624788160813,1.467402959304015,60.51187090800873
700,954.2380952380952,976.0,71.08137842133229,29.58039891549808,29.529064678212062,2.40298917619027,62.87738909127202
701,1043.3793103448277,1039.0,49.29182193700293,30.337863552206187,30.333297819426615,1.624762463981034,57.50545310331152
702,890.5147058823529,938.0,142.0839118937508,25.256593641820736,25.204143121211107,5.625616577941191,67.37676492444885
703,961.4285714285714,985.0,103.08660471934441,44.710177812216315,44.62402772224945,2.3056630450522992,62.40713224368499
704,966.5238095238095,1008.0,106.5098336831009,38.41475690912409,38.252015650848485,2.7726280797524243,62.0781396265458
705,976.8064516129032,1011.5,87.71119005920794,37.632389258609074,37.600825666942434,2.3307366815446735,61.42465572471187
706,836.3698630136986,828.0,94.33639993150062,31.62760749022214,31.553305866598368,2.9827232414170206,71.73859634755549
707,906.2537313432836,953.0,135.68569291637377,32.496619870846615,32.4945852662462,4.175378653399586,66.20662395625752
708,993.4590163934427,1031.0,105.42880027251269,48.89717101564602,48.896989227922354,2.156132923084196,60.39504298608934
709,1011.7166666666667,1035.5,85.45936493770333,33.4729843002697,33.47270966690178,2.55308472561303,59.30514142628865
710,1023.7118644067797,1047.0,64.94118612903542,29.685419618577644,29.596719657869855,2.1876458868849578,58.61024189142204
711,939.1846153846154,953.0,83.14360002340572,24.682040535579713,24.425863397930787,3.368586965228923,63.88520320408865
712,1030.7118644067796,1047.0,60.48702083707154,35.473156436750976,35.44215363742696,1.7051491018263503,58.21219496152076
713,947.640625,956.5,103.57852805774648,39.39261070020338,39.26190395975113,2.629389781906781,63.3151412224439
714,675.8314606741573,657.0,55.341074400882015,17.45383521282253,17.381178668341985,3.170711406752911,88.77953083176779
715,595.7826086956521,602.0,43.088674851300354,21.556014583078255,21.55456482292979,1.9989165754752045,100.707874188134
